"Period","Sender","Round","x","y","Price","Ex","Ey"
1,"1",1,53.9509090909091,72.2970727272727,"1.57","100","0"
1,"10",1,52.2381818181818,74.9860545454546,"1.57","100","0"
1,"11",1,53.2372727272727,73.4174818181818,"1.57","100","0"
1,"12",1,52.6663636363636,74.3138090909091,"1.57","100","0"
1,"13",1,57.3763636363636,66.9191090909091,"1.57","100","0"
1,"14",1,51.3818181818182,76.3305454545455,"1.57","100","0"
1,"15",1,41.3909090909091,92.0162727272727,"1.57","100","0"
1,"16",1,37.8227272727273,97.6183181818182,"1.57","100","0"
1,"17",1,32.8272727272727,105.461181818182,"1.57","100","0"
1,"18",1,100,0,"1.57","100","0"
1,"19",1,15.1290909090909,133.247327272727,"1.57","100","0"
1,"2",1,55.2354545454545,70.2803363636364,"1.57","100","0"
1,"20",1,3.14,152.0702,"1.57","100","0"
1,"3",1,53.0945454545455,73.6415636363636,"1.57","100","0"
1,"4",1,49.0981818181818,79.9158545454546,"1.57","100","0"
1,"5",1,53.0945454545455,73.6415636363636,"1.57","100","0"
1,"6",1,59.8027272727273,63.1097181818182,"1.57","100","0"
1,"7",1,48.5272727272727,80.8121818181818,"1.57","100","0"
1,"8",1,51.3818181818182,76.3305454545455,"1.57","100","0"
1,"9",1,54.5218181818182,71.4007454545455,"1.57","100","0"
10,"1",1,82.7272727272727,86.3636363636363,"5","100","0"
10,"10",1,10.2254545454545,24.8727272727273,"5","0","76"
10,"11",1,58.6363636363636,206.818181818182,"5","100","0"
10,"12",1,9.32727272727273,29.3636363636364,"5","0","76"
10,"13",1,63.6363636363636,181.818181818182,"5","100","0"
10,"14",1,7.18545454545455,40.0727272727273,"5","0","76"
10,"15",1,46.3636363636364,268.181818181818,"5","100","0"
10,"16",1,6.70181818181818,42.4909090909091,"5","0","76"
10,"17",1,40.9090909090909,295.454545454545,"5","100","0"
10,"18",1,3.86909090909091,56.6545454545455,"5","0","76"
10,"19",1,7.27272727272727,463.636363636364,"5","100","0"
10,"2",1,12.0909090909091,15.5454545454545,"5","0","76"
10,"20",1,0,76,"5","0","76"
10,"3",1,74.5454545454545,127.272727272727,"5","100","0"
10,"4",1,9.53454545454546,28.3272727272727,"5","0","76"
10,"5",1,66.3636363636364,168.181818181818,"5","100","0"
10,"6",1,9.74181818181818,27.2909090909091,"5","0","76"
10,"7",1,56.3636363636364,218.181818181818,"5","100","0"
10,"8",1,10.3636363636364,24.1818181818182,"5","0","76"
10,"9",1,69.0909090909091,154.545454545455,"5","100","0"
11,"1",1,67.2727272727273,65.4545454545455,"2","100","0"
11,"10",1,20.4509090909091,35.0981818181818,"2","0","76"
11,"11",1,52.1818181818182,95.6363636363636,"2","100","0"
11,"12",1,19.6909090909091,36.6181818181818,"2","0","76"
11,"13",1,36.7272727272727,126.545454545455,"2","100","0"
11,"14",1,12.5745454545455,50.8509090909091,"2","0","76"
11,"15",1,29.4545454545455,141.090909090909,"2","100","0"
11,"16",1,11.4,53.2,"2","0","76"
11,"17",1,36.7272727272727,126.545454545455,"2","100","0"
11,"18",1,10.5018181818182,54.9963636363636,"2","0","76"
11,"19",1,26.9090909090909,146.181818181818,"2","100","0"
11,"2",1,26.1854545454545,23.6290909090909,"2","0","76"
11,"20",1,0,76,"2","0","76"
11,"3",1,71.2727272727273,57.4545454545454,"2","100","0"
11,"4",1,28.6036363636364,18.7927272727273,"2","0","76"
11,"5",1,69.4545454545455,61.0909090909091,"2","100","0"
11,"6",1,25.7709090909091,24.4581818181818,"2","0","76"
11,"7",1,65.4545454545455,69.0909090909091,"2","100","0"
11,"8",1,22.5236363636364,30.9527272727273,"2","0","76"
11,"9",1,61.8181818181818,76.3636363636364,"2","100","0"
12,"1",1,39.4545454545455,42.3818181818182,"0.7","100","0"
12,"1",1,39.4545454545455,42.3818181818182,"0.7","100","0"
12,"10",1,0,76,"0.7","0","76"
12,"11",1,100,0,"0.7","100","0"
12,"12",1,0,76,"0.7","0","76"
12,"13",1,100,0,"0.7","100","0"
12,"14",1,0,76,"0.7","0","76"
12,"15",1,100,0,"0.7","100","0"
12,"16",1,0,76,"0.7","0","76"
12,"17",1,100,0,"0.7","100","0"
12,"18",1,0,76,"0.7","0","76"
12,"19",1,100,0,"0.7","100","0"
12,"2",1,39.3818181818182,48.4327272727273,"0.7","0","76"
12,"2",1,39.3818181818182,48.4327272727273,"0.7","0","76"
12,"20",1,0,76,"0.7","0","76"
12,"3",1,32,47.6,"0.7","100","0"
12,"3",1,32,47.6,"0.7","100","0"
12,"4",1,37.7038961038961,49.6072727272727,"0.7","0","76"
12,"4",1,37.7038961038961,49.6072727272727,"0.7","0","76"
12,"5",1,32,47.6,"0.7","100","0"
12,"5",1,32,47.6,"0.7","100","0"
12,"6",1,39.3818181818182,48.4327272727273,"0.7","0","76"
12,"6",1,39.3818181818182,48.4327272727273,"0.7","0","76"
12,"7",1,100,0,"0.7","100","0"
12,"8",1,0,76,"0.7","0","76"
12,"9",1,100,0,"0.7","100","0"
13,"1",1,100,0,"1.43","100","0"
13,"10",1,0,76,"1.43","0","76"
13,"11",1,100,0,"1.43","100","0"
13,"12",1,0,76,"1.43","0","76"
13,"13",1,100,0,"1.43","100","0"
13,"14",1,0,76,"1.43","0","76"
13,"15",1,100,0,"1.43","100","0"
13,"16",1,0,76,"1.43","0","76"
13,"17",1,100,0,"1.43","100","0"
13,"18",1,0,76,"1.43","0","76"
13,"19",1,100,0,"1.43","100","0"
13,"2",1,0,76,"1.43","0","76"
13,"20",1,0,76,"1.43","0","76"
13,"3",1,100,0,"1.43","100","0"
13,"4",1,0,76,"1.43","0","76"
13,"5",1,100,0,"1.43","100","0"
13,"6",1,0,76,"1.43","0","76"
13,"7",1,100,0,"1.43","100","0"
13,"8",1,0,76,"1.43","0","76"
13,"9",1,100,0,"1.43","100","0"
14,"1",1,72.0381818181818,78.5727090909091,"2.81","100","0"
14,"10",1,15.0618181818182,33.6762909090909,"2.81","0","76"
14,"11",1,58.4990909090909,116.617554545455,"2.81","100","0"
14,"12",1,13.6109090909091,37.7533454545455,"2.81","0","76"
14,"13",1,47.5145454545455,147.484127272727,"2.81","100","0"
14,"14",1,10.0872727272727,47.6547636363636,"2.81","0","76"
14,"15",1,35.7636363636364,180.504181818182,"2.81","100","0"
14,"16",1,7.25454545454545,55.6147272727273,"2.81","0","76"
14,"17",1,27.0781818181818,204.910309090909,"2.81","100","0"
14,"18",1,4.69818181818182,62.7981090909091,"2.81","0","76"
14,"19",1,20.4363636363636,223.573818181818,"2.81","100","0"
14,"2",1,16.9272727272727,28.4343636363636,"2.81","0","76"
14,"20",1,0,76,"2.81","0","76"
14,"3",1,62.3309090909091,105.850145454545,"2.81","100","0"
14,"4",1,17.4109090909091,27.0753454545455,"2.81","0","76"
14,"5",1,64.8854545454545,98.6718727272728,"2.81","100","0"
14,"6",1,17.0654545454545,28.0460727272727,"2.81","0","76"
14,"7",1,67.9509090909091,90.0579454545454,"2.81","100","0"
14,"8",1,16.72,29.0168,"2.81","0","76"
14,"9",1,55.1781818181818,125.949309090909,"2.81","100","0"
15,"1",1,31.6363636363636,38.9672727272727,"0.57","100","0"
15,"10",1,62.5454545454546,40.3490909090909,"0.57","0","76"
15,"11",1,50.0909090909091,28.4481818181818,"0.57","100","0"
15,"12",1,75.7575757575758,32.8181818181818,"0.57","0","76"
15,"13",1,62.5454545454545,21.3490909090909,"0.57","100","0"
15,"14",1,88,25.84,"0.57","0","76"
15,"15",1,71.0909090909091,16.4781818181818,"0.57","100","0"
15,"16",1,102.424242424242,17.6181818181818,"0.57","0","76"
15,"17",1,80.3636363636364,11.1927272727273,"0.57","100","0"
15,"18",1,108.848484848485,13.9563636363636,"0.57","0","76"
15,"19",1,82,10.26,"0.57","100","0"
15,"2",1,44.969696969697,50.3672727272727,"0.57","0","76"
15,"20",1,132.121212121212,0.690909090909102,"0.57","0","76"
15,"3",1,34.1818181818182,37.5163636363636,"0.57","100","0"
15,"4",1,46.3030303030303,49.6072727272727,"0.57","0","76"
15,"5",1,34.7272727272727,37.2054545454545,"0.57","100","0"
15,"6",1,48.3636363636364,48.4327272727273,"0.57","0","76"
15,"7",1,39.8181818181818,34.3036363636364,"0.57","100","0"
15,"8",1,53.8181818181818,45.3236363636364,"0.57","0","76"
15,"9",1,43.6363636363636,32.1272727272727,"0.57","100","0"
16,"1",1,44.1818181818182,46.3290909090909,"0.83","100","0"
16,"10",1,40.1226725082147,42.6981818181818,"0.83","0","76"
16,"11",1,47,43.99,"0.83","100","0"
16,"12",1,41.5377875136911,41.5236363636364,"0.83","0","76"
16,"13",1,46.9090909090909,44.0654545454545,"0.83","100","0"
16,"14",1,45.4501642935378,38.2763636363636,"0.83","0","76"
16,"15",1,62.9090909090909,30.7854545454545,"0.83","100","0"
16,"16",1,59.5180722891566,26.6,"0.83","0","76"
16,"17",1,53.8181818181818,38.3309090909091,"0.83","100","0"
16,"18",1,60.433734939759,25.84,"0.83","0","76"
16,"19",1,73.0909090909091,22.3345454545455,"0.83","100","0"
16,"2",1,37.7086527929901,44.7018181818182,"0.83","0","76"
16,"20",1,87.0711938663746,3.73090909090909,"0.83","0","76"
16,"3",1,41.6363636363636,48.4418181818182,"0.83","100","0"
16,"4",1,34.7951807228916,47.12,"0.83","0","76"
16,"5",1,42.3636363636364,47.8381818181818,"0.83","100","0"
16,"6",1,35.5443592552026,46.4981818181818,"0.83","0","76"
16,"7",1,45.4545454545455,45.2727272727273,"0.83","100","0"
16,"8",1,44.6177437020811,38.9672727272727,"0.83","0","76"
16,"9",1,41.8181818181818,48.2909090909091,"0.83","100","0"
17,"1",1,23.0909090909091,21.5345454545455,"0.28","100","0"
17,"10",1,137.194805194805,37.5854545454545,"0.28","0","76"
17,"11",1,47.5454545454545,14.6872727272727,"0.28","100","0"
17,"12",1,151.25974025974,33.6472727272727,"0.28","0","76"
17,"13",1,50,14,"0.28","100","0"
17,"14",1,135.714285714286,38,"0.28","0","76"
17,"15",1,54.5454545454545,12.7272727272727,"0.28","100","0"
17,"16",1,166.064935064935,29.5018181818182,"0.28","0","76"
17,"17",1,52.9090909090909,13.1854545454545,"0.28","100","0"
17,"18",1,177.168831168831,26.3927272727273,"0.28","0","76"
17,"19",1,71.8181818181818,7.89090909090909,"0.28","100","0"
17,"2",1,66.8701298701299,57.2763636363636,"0.28","0","76"
17,"20",1,248.233766233766,6.49454545454546,"0.28","0","76"
17,"3",1,24,21.28,"0.28","100","0"
17,"4",1,71.0649350649351,56.1018181818182,"0.28","0","76"
17,"5",1,27.2727272727273,20.3636363636364,"0.28","100","0"
17,"6",1,74.7662337662338,55.0654545454545,"0.28","0","76"
17,"7",1,37.0909090909091,17.6145454545455,"0.28","100","0"
17,"8",1,80.9350649350649,53.3381818181818,"0.28","0","76"
17,"9",1,35.2727272727273,18.1236363636364,"0.28","100","0"
18,"1",1,62.6981818181818,86.9132363636364,"2.33","100","0"
18,"10",1,14.5090909090909,42.1938181818182,"2.33","0","76"
18,"11",1,50.6245454545455,115.044809090909,"2.33","100","0"
18,"12",1,13.1963636363636,45.2524727272727,"2.33","0","76"
18,"13",1,43.2109090909091,132.318581818182,"2.33","100","0"
18,"14",1,13.9563636363636,43.4816727272727,"2.33","0","76"
18,"15",1,43.6345454545455,131.331509090909,"2.33","100","0"
18,"16",1,13.4727272727273,44.6085454545454,"2.33","0","76"
18,"17",1,32.62,156.9954,"2.33","100","0"
18,"18",1,14.0945454545455,43.1597090909091,"2.33","0","76"
18,"19",1,32.62,156.9954,"2.33","100","0"
18,"2",1,20.9345454545455,27.2225090909091,"2.33","0","76"
18,"20",1,0,76,"2.33","0","76"
18,"3",1,71.1709090909091,67.1717818181818,"2.33","100","0"
18,"4",1,22.1090909090909,24.4858181818182,"2.33","0","76"
18,"5",1,59.3090909090909,94.8098181818182,"2.33","100","0"
18,"6",1,21.6254545454545,25.6126909090909,"2.33","0","76"
18,"7",1,55.0727272727273,104.680545454545,"2.33","100","0"
18,"8",1,18.24,33.5008,"2.33","0","76"
18,"9",1,52.9545454545455,109.615909090909,"2.33","100","0"
19,"1",1,48.3636363636364,51.6363636363636,"1","100","0"
19,"10",1,39.2436363636364,36.7563636363636,"1","0","76"
19,"11",1,48.2727272727273,51.7272727272727,"1","100","0"
19,"12",1,37.1018181818182,38.8981818181818,"1","0","76"
19,"13",1,43.8181818181818,56.1818181818182,"1","100","0"
19,"14",1,33.3018181818182,42.6981818181818,"1","0","76"
19,"15",1,49.4545454545455,50.5454545454545,"1","100","0"
19,"16",1,36.6872727272727,39.3127272727273,"1","0","76"
19,"17",1,46.5454545454545,53.4545454545455,"1","100","0"
19,"18",1,31.5054545454545,44.4945454545455,"1","0","76"
19,"19",1,48,52,"1","100","0"
19,"2",1,34.8909090909091,41.1090909090909,"1","0","76"
19,"20",1,30.9527272727273,45.0472727272727,"1","0","76"
19,"3",1,46.7272727272727,53.2727272727273,"1","100","0"
19,"4",1,36.2036363636364,39.7963636363636,"1","0","76"
19,"5",1,48,52,"1","100","0"
19,"6",1,34.8909090909091,41.1090909090909,"1","0","76"
19,"7",1,52,48,"1","100","0"
19,"8",1,34.6836363636364,41.3163636363636,"1","0","76"
19,"9",1,47.0909090909091,52.9090909090909,"1","100","0"
2,"1",1,38.9090909090909,39.0981818181818,"0.64","100","0"
2,"10",1,58.1818181818182,26.7636363636364,"0.64","100","0"
2,"11",1,62.0909090909091,24.2618181818182,"0.64","100","0"
2,"12",1,55.9090909090909,28.2181818181818,"0.64","100","0"
2,"13",1,61.8181818181818,24.4363636363636,"0.64","100","0"
2,"14",1,64,23.04,"0.64","100","0"
2,"15",1,69.6363636363636,19.4327272727273,"0.64","100","0"
2,"16",1,73.5454545454545,16.9309090909091,"0.64","100","0"
2,"17",1,86.3636363636364,8.72727272727273,"0.64","100","0"
2,"18",1,85.2727272727273,9.42545454545454,"0.64","100","0"
2,"19",1,82.5454545454545,11.1709090909091,"0.64","100","0"
2,"2",1,39.1818181818182,38.9236363636364,"0.64","100","0"
2,"20",1,89.0909090909091,6.98181818181818,"0.64","100","0"
2,"3",1,36.5454545454545,40.6109090909091,"0.64","100","0"
2,"4",1,36.5454545454545,40.6109090909091,"0.64","100","0"
2,"5",1,39.6363636363636,38.6327272727273,"0.64","100","0"
2,"6",1,44.2727272727273,35.6654545454545,"0.64","100","0"
2,"7",1,52.7272727272727,30.2545454545455,"0.64","100","0"
2,"8",1,58.9090909090909,26.2981818181818,"0.64","100","0"
2,"9",1,61.8181818181818,24.4363636363636,"0.64","100","0"
20,"1",1,30.3636363636364,29.9436363636364,"0.43","100","0"
20,"10",1,76.4820295983087,43.1127272727273,"0.43","0","76"
20,"11",1,46.2727272727273,23.1027272727273,"0.43","100","0"
20,"12",1,78.2494714587738,42.3527272727273,"0.43","0","76"
20,"13",1,42,24.94,"0.43","100","0"
20,"14",1,110.224101479915,28.6036363636364,"0.43","0","76"
20,"15",1,58.7272727272727,17.7472727272727,"0.43","100","0"
20,"16",1,112.31289640592,27.7054545454545,"0.43","0","76"
20,"17",1,65.4545454545455,14.8545454545455,"0.43","100","0"
20,"18",1,135.289640591966,17.8254545454545,"0.43","0","76"
20,"19",1,100,0,"0.43","100","0"
20,"2",1,45.7928118393235,56.3090909090909,"0.43","0","76"
20,"20",1,171.281183932347,2.3490909090909,"0.43","0","76"
20,"3",1,100,0,"0.43","100","0"
20,"4",1,49.1670190274841,54.8581818181818,"0.43","0","76"
20,"5",1,36.3636363636364,27.3636363636364,"0.43","100","0"
20,"6",1,61.53911205074,49.5381818181818,"0.43","0","76"
20,"7",1,42.1818181818182,24.8618181818182,"0.43","100","0"
20,"8",1,67.1627906976744,47.12,"0.43","0","76"
20,"9",1,44.5454545454545,23.8454545454545,"0.43","100","0"
21,"1",1,49.4545454545455,44.9854545454545,"0.89","100","0"
21,"10",1,40.8335035750766,39.6581818181818,"0.89","0","76"
21,"11",1,51.1818181818182,43.4481818181818,"0.89","100","0"
21,"12",1,54.1082737487232,27.8436363636364,"0.89","0","76"
21,"13",1,60,35.6,"0.89","100","0"
21,"14",1,56.0490296220633,26.1163636363636,"0.89","0","76"
21,"15",1,67.0909090909091,29.2890909090909,"0.89","100","0"
21,"16",1,67.6159346271706,15.8218181818182,"0.89","0","76"
21,"17",1,81.8181818181818,16.1818181818182,"0.89","100","0"
21,"18",1,62.2594484167518,20.5890909090909,"0.89","0","76"
21,"19",1,100,0,"0.89","100","0"
21,"2",1,41.5321756894791,39.0363636363636,"0.89","0","76"
21,"20",1,85.3932584269663,0,"0.89","0","76"
21,"3",1,47.6363636363636,46.6036363636364,"0.89","100","0"
21,"4",1,40.8335035750766,39.6581818181818,"0.89","0","76"
21,"5",1,51.0909090909091,43.5290909090909,"0.89","100","0"
21,"6",1,42.7742594484167,37.9309090909091,"0.89","0","76"
21,"7",1,56,39.16,"0.89","100","0"
21,"8",1,47.0439223697651,34.1309090909091,"0.89","0","76"
21,"9",1,52.5454545454546,42.2345454545454,"0.89","100","0"
22,"1",1,62.2290909090909,59.3003272727273,"1.57","100","0"
22,"10",1,24.7345454545455,37.1667636363636,"1.57","0","76"
22,"11",1,45.8154545454545,85.0697363636364,"1.57","100","0"
22,"12",1,19.6909090909091,45.0852727272727,"1.57","0","76"
22,"13",1,37.3945454545455,98.2905636363636,"1.57","100","0"
22,"14",1,14.5090909090909,53.2207272727273,"1.57","0","76"
22,"15",1,27.6890909090909,113.528127272727,"1.57","100","0"
22,"16",1,10.8472727272727,58.9697818181818,"1.57","0","76"
22,"17",1,26.5472727272727,115.320781818182,"1.57","100","0"
22,"18",1,0,76,"1.57","0","76"
22,"19",1,16.2709090909091,131.454672727273,"1.57","100","0"
22,"2",1,28.8109090909091,30.7668727272727,"1.57","0","76"
22,"20",1,0,76,"1.57","0","76"
22,"3",1,61.0872727272727,61.0929818181818,"1.57","100","0"
22,"4",1,28.4654545454545,31.3092363636364,"1.57","0","76"
22,"5",1,56.2345454545454,68.7117636363637,"1.57","100","0"
22,"6",1,27.7054545454545,32.5024363636364,"1.57","0","76"
22,"7",1,58.8036363636364,64.6782909090909,"1.57","100","0"
22,"8",1,25.9781818181818,35.2142545454545,"1.57","0","76"
22,"9",1,50.8109090909091,77.2268727272727,"1.57","100","0"
23,"1",1,54.34,55.2486,"1.21","100","0"
23,"10",1,27.9127272727273,42.2256,"1.21","0","76"
23,"11",1,37.73,75.3467,"1.21","100","0"
23,"12",1,25.3563636363636,45.3188,"1.21","0","76"
23,"13",1,35.86,77.6094,"1.21","100","0"
23,"14",1,23.2145454545455,47.9104,"1.21","0","76"
23,"15",1,38.5,74.415,"1.21","100","0"
23,"16",1,19.1381818181818,52.8428,"1.21","0","76"
23,"17",1,19.36,97.5744,"1.21","100","0"
23,"18",1,0,76,"1.21","0","76"
23,"19",1,16.06,101.5674,"1.21","100","0"
23,"2",1,34.3381818181818,34.4508,"1.21","0","76"
23,"20",1,0,76,"1.21","0","76"
23,"3",1,53.24,56.5796,"1.21","100","0"
23,"4",1,33.7163636363636,35.2032,"1.21","0","76"
23,"5",1,48.62,62.1698,"1.21","100","0"
23,"6",1,31.8509090909091,37.4604,"1.21","0","76"
23,"7",1,45.98,65.3642,"1.21","100","0"
23,"8",1,32.1963636363636,37.0424,"1.21","0","76"
23,"9",1,46.42,64.8318,"1.21","100","0"
24,"1",1,48.1818181818182,48.7090909090909,"0.94","100","0"
24,"10",1,47.1876208897486,31.6436363636364,"0.94","0","76"
24,"11",1,58.0909090909091,39.3945454545455,"0.94","100","0"
24,"12",1,46.5261121856867,32.2654545454545,"0.94","0","76"
24,"13",1,64.9090909090909,32.9854545454545,"0.94","100","0"
24,"14",1,46.0116054158607,32.7490909090909,"0.94","0","76"
24,"15",1,62.9090909090909,34.8654545454545,"0.94","100","0"
24,"16",1,53.1411992263056,26.0472727272727,"0.94","0","76"
24,"17",1,62.1818181818182,35.5490909090909,"0.94","100","0"
24,"18",1,49.0986460348162,29.8472727272727,"0.94","0","76"
24,"19",1,65.4545454545455,32.4727272727273,"0.94","100","0"
24,"2",1,37.5589941972921,40.6945454545455,"0.94","0","76"
24,"20",1,50.715667311412,28.3272727272727,"0.94","0","76"
24,"3",1,48,48.88,"0.94","100","0"
24,"4",1,38.220502901354,40.0727272727273,"0.94","0","76"
24,"5",1,46.3636363636364,50.4181818181818,"0.94","100","0"
24,"6",1,39.7640232108317,38.6218181818182,"0.94","0","76"
24,"7",1,49.0909090909091,47.8545454545455,"0.94","100","0"
24,"8",1,42.3365570599613,36.2036363636364,"0.94","0","76"
24,"9",1,50.1818181818182,46.8290909090909,"0.94","100","0"
25,"1",1,34.3636363636364,32.8181818181818,"0.5","100","0"
25,"10",1,85.6727272727273,33.1636363636364,"0.5","0","76"
25,"11",1,50.8181818181818,24.5909090909091,"0.5","100","0"
25,"12",1,87.7454545454545,32.1272727272727,"0.5","0","76"
25,"13",1,58.7272727272727,20.6363636363636,"0.5","100","0"
25,"14",1,106.952727272727,22.5236363636364,"0.5","0","76"
25,"15",1,66.5454545454545,16.7272727272727,"0.5","100","0"
25,"16",1,116.487272727273,17.7563636363636,"0.5","0","76"
25,"17",1,84.9090909090909,7.54545454545455,"0.5","100","0"
25,"18",1,136.523636363636,7.73818181818181,"0.5","0","76"
25,"19",1,100,0,"0.5","100","0"
25,"2",1,48.7781818181818,51.6109090909091,"0.5","0","76"
25,"20",1,150.618181818182,0.690909090909088,"0.5","0","76"
25,"3",1,38.5454545454545,30.7272727272727,"0.5","100","0"
25,"4",1,54.1672727272727,48.9163636363636,"0.5","0","76"
25,"5",1,35.2727272727273,32.3636363636364,"0.5","100","0"
25,"6",1,58.7272727272727,46.6363636363636,"0.5","0","76"
25,"7",1,35.4545454545455,32.2727272727273,"0.5","100","0"
25,"8",1,65.7745454545455,43.1127272727273,"0.5","0","76"
25,"9",1,48.7272727272727,25.6363636363636,"0.5","100","0"
26,"1",1,79.1890909090909,74.2949454545455,"3.57","100","0"
26,"10",1,12.7127272727273,30.6155636363636,"3.57","0","76"
26,"11",1,65.8827272727273,121.798663636364,"3.57","100","0"
26,"12",1,11.8145454545455,33.8220727272727,"3.57","0","76"
26,"13",1,49.3309090909091,180.888654545455,"3.57","100","0"
26,"14",1,10.5018181818182,38.5085090909091,"3.57","0","76"
26,"15",1,40.8927272727273,211.012963636364,"3.57","100","0"
26,"16",1,6.42545454545455,53.0611272727273,"3.57","0","76"
26,"17",1,35.0509090909091,231.868254545455,"3.57","100","0"
26,"18",1,0,76,"3.57","0","76"
26,"19",1,17.5254545454545,294.434127272727,"3.57","100","0"
26,"2",1,16.6509090909091,16.5562545454545,"3.57","0","76"
26,"20",1,0,76,"3.57","0","76"
26,"3",1,75.9436363636364,85.8812181818181,"3.57","100","0"
26,"4",1,16.3054545454545,17.7895272727273,"3.57","0","76"
26,"5",1,77.2418181818182,81.2467090909091,"3.57","100","0"
26,"6",1,15.8218181818182,19.5161090909091,"3.57","0","76"
26,"7",1,72.0490909090909,99.7847454545455,"3.57","100","0"
26,"8",1,13.4036363636364,28.1490181818182,"3.57","0","76"
26,"9",1,62.3127272727273,134.543563636364,"3.57","100","0"
27,"1",1,43.8181818181818,42.6981818181818,"0.76","100","0"
27,"10",1,53.4545454545455,35.3745454545455,"0.76","0","76"
27,"11",1,55,34.2,"0.76","100","0"
27,"12",1,64.8181818181818,26.7381818181818,"0.76","0","76"
27,"13",1,64.5454545454545,26.9454545454545,"0.76","100","0"
27,"14",1,62.7272727272727,28.3272727272727,"0.76","0","76"
27,"15",1,64.9090909090909,26.6690909090909,"0.76","100","0"
27,"16",1,69.9090909090909,22.8690909090909,"0.76","0","76"
27,"17",1,75.4545454545455,18.6545454545455,"0.76","100","0"
27,"18",1,75.4545454545455,18.6545454545455,"0.76","0","76"
27,"19",1,65.8181818181818,25.9781818181818,"0.76","100","0"
27,"2",1,40.8181818181818,44.9781818181818,"0.76","0","76"
27,"20",1,72.7272727272727,20.7272727272727,"0.76","0","76"
27,"3",1,42.1818181818182,43.9418181818182,"0.76","100","0"
27,"4",1,42.9090909090909,43.3890909090909,"0.76","0","76"
27,"5",1,42.1818181818182,43.9418181818182,"0.76","100","0"
27,"6",1,44.4545454545455,42.2145454545455,"0.76","0","76"
27,"7",1,46.1818181818182,40.9018181818182,"0.76","100","0"
27,"8",1,49.6363636363636,38.2763636363636,"0.76","0","76"
27,"9",1,50,38,"0.76","100","0"
28,"1",1,16.3636363636364,16.7272727272727,"0.2","100","0"
28,"10",1,112.618181818182,53.4763636363636,"0.2","0","76"
28,"11",1,25.3636363636364,14.9272727272727,"0.2","100","0"
28,"12",1,109.509090909091,54.0981818181818,"0.2","0","76"
28,"13",1,24.9090909090909,15.0181818181818,"0.2","100","0"
28,"14",1,92.5818181818182,57.4836363636364,"0.2","0","76"
28,"15",1,53.4545454545455,9.30909090909091,"0.2","100","0"
28,"16",1,208.309090909091,34.3381818181818,"0.2","0","76"
28,"17",1,59.8181818181818,8.03636363636364,"0.2","100","0"
28,"18",1,256.327272727273,24.7345454545455,"0.2","0","76"
28,"19",1,75.8181818181818,4.83636363636364,"0.2","100","0"
28,"2",1,78.4181818181818,60.3163636363636,"0.2","0","76"
28,"20",1,378.618181818182,0.276363636363627,"0.2","0","76"
28,"3",1,21.0909090909091,15.7818181818182,"0.2","100","0"
28,"4",1,86.3636363636364,58.7272727272727,"0.2","0","76"
28,"5",1,15.2727272727273,16.9454545454545,"0.2","100","0"
28,"6",1,75.6545454545455,60.8690909090909,"0.2","0","76"
28,"7",1,22.7272727272727,15.4545454545455,"0.2","100","0"
28,"8",1,62.1818181818182,63.5636363636364,"0.2","0","76"
28,"9",1,23.2727272727273,15.3454545454545,"0.2","100","0"
29,"1",1,63.3181818181818,64.1931818181818,"1.75","100","0"
29,"10",1,18.3781818181818,43.8381818181818,"1.75","0","76"
29,"11",1,35.7954545454545,112.357954545455,"1.75","100","0"
29,"12",1,16.9272727272727,46.3772727272727,"1.75","0","76"
29,"13",1,38.1818181818182,108.181818181818,"1.75","100","0"
29,"14",1,12.8509090909091,53.5109090909091,"1.75","0","76"
29,"15",1,26.4090909090909,128.784090909091,"1.75","100","0"
29,"16",1,7.39272727272727,63.0627272727273,"1.75","0","76"
29,"17",1,16.2272727272727,146.602272727273,"1.75","100","0"
29,"18",1,0,76,"1.75","0","76"
29,"19",1,5.09090909090909,166.090909090909,"1.75","100","0"
29,"2",1,27.0145454545455,28.7245454545454,"1.75","0","76"
29,"20",1,0,76,"1.75","0","76"
29,"3",1,61.0909090909091,68.0909090909091,"1.75","100","0"
29,"4",1,25.9781818181818,30.5381818181818,"1.75","0","76"
29,"5",1,54.4090909090909,79.7840909090909,"1.75","100","0"
29,"6",1,23.1454545454545,35.4954545454545,"1.75","0","76"
29,"7",1,60.1363636363636,69.7613636363636,"1.75","100","0"
29,"8",1,22.2472727272727,37.0672727272727,"1.75","0","76"
29,"9",1,42.3181818181818,100.943181818182,"1.75","100","0"
3,"1",1,49.8181818181818,50.1818181818182,"1","100","0"
3,"10",1,49.8181818181818,50.1818181818182,"1","100","0"
3,"11",1,51.9090909090909,48.0909090909091,"1","100","0"
3,"12",1,47.9090909090909,52.0909090909091,"1","100","0"
3,"13",1,46.9090909090909,53.0909090909091,"1","100","0"
3,"14",1,45.4545454545455,54.5454545454545,"1","100","0"
3,"15",1,45.8181818181818,54.1818181818182,"1","100","0"
3,"16",1,49.9090909090909,50.0909090909091,"1","100","0"
3,"17",1,47.0909090909091,52.9090909090909,"1","100","0"
3,"18",1,53.2727272727273,46.7272727272727,"1","100","0"
3,"19",1,45.2727272727273,54.7272727272727,"1","100","0"
3,"2",1,50.0909090909091,49.9090909090909,"1","100","0"
3,"20",1,44.1818181818182,55.8181818181818,"1","100","0"
3,"3",1,48,52,"1","100","0"
3,"4",1,52,48,"1","100","0"
3,"5",1,44,56,"1","100","0"
3,"6",1,48.8181818181818,51.1818181818182,"1","100","0"
3,"7",1,48.5454545454545,51.4545454545455,"1","100","0"
3,"8",1,47.8181818181818,52.1818181818182,"1","100","0"
3,"9",1,51.2727272727273,48.7272727272727,"1","100","0"
30,"1",1,52.5963636363636,53.5661090909091,"1.13","100","0"
30,"10",1,23.7672727272727,49.1429818181818,"1.13","0","76"
30,"11",1,44.2754545454545,62.9687363636364,"1.13","100","0"
30,"12",1,25.2181818181818,47.5034545454545,"1.13","0","76"
30,"13",1,38.6254545454545,69.3532363636364,"1.13","100","0"
30,"14",1,21.28,51.9536,"1.13","0","76"
30,"15",1,26.9145454545455,82.5865636363636,"1.13","100","0"
30,"16",1,16.2363636363636,57.6529090909091,"1.13","0","76"
30,"17",1,22.1890909090909,87.9263272727273,"1.13","100","0"
30,"18",1,17.5490909090909,56.1695272727273,"1.13","0","76"
30,"19",1,23.2163636363636,86.7655090909091,"1.13","100","0"
30,"2",1,35.72,35.6364,"1.13","0","76"
30,"20",1,15.7527272727273,58.1994181818182,"1.13","0","76"
30,"3",1,54.24,51.7088,"1.13","100","0"
30,"4",1,35.9272727272727,35.4021818181818,"1.13","0","76"
30,"5",1,51.1581818181818,55.1912545454545,"1.13","100","0"
30,"6",1,29.5018181818182,42.6629454545455,"1.13","0","76"
30,"7",1,41.2963636363636,66.3351090909091,"1.13","100","0"
30,"8",1,29.8472727272727,42.2725818181818,"1.13","0","76"
30,"9",1,35.9545454545454,72.3713636363637,"1.13","100","0"
31,"1",1,53.9636363636364,48.7985454545455,"1.06","100","0"
31,"10",1,24.32,50.2208,"1.06","0","76"
31,"11",1,37.2927272727273,66.4697090909091,"1.06","100","0"
31,"12",1,27.1527272727273,47.2181090909091,"1.06","0","76"
31,"13",1,38.9309090909091,64.7332363636364,"1.06","100","0"
31,"14",1,28.3272727272727,45.9730909090909,"1.06","0","76"
31,"15",1,29.8727272727273,74.3349090909091,"1.06","100","0"
31,"16",1,20.52,54.2488,"1.06","0","76"
31,"17",1,31.4145454545455,72.7005818181818,"1.06","100","0"
31,"18",1,23.6290909090909,50.9531636363636,"1.06","0","76"
31,"19",1,30.8363636363636,73.3134545454545,"1.06","100","0"
31,"2",1,36.5490909090909,37.2579636363636,"1.06","0","76"
31,"20",1,0,76,"1.06","0","76"
31,"3",1,52.8072727272727,50.0242909090909,"1.06","100","0"
31,"4",1,39.6581818181818,33.9623272727273,"1.06","0","76"
31,"5",1,54.1563636363636,48.5942545454546,"1.06","100","0"
31,"6",1,34.2,39.748,"1.06","0","76"
31,"7",1,52.6145454545454,50.2285818181818,"1.06","100","0"
31,"8",1,34.5454545454545,39.3818181818182,"1.06","0","76"
31,"9",1,47.4109090909091,55.7444363636364,"1.06","100","0"
32,"1",1,26.1818181818182,26.5745454545455,"0.36","100","0"
32,"10",1,73.3131313131313,49.6072727272727,"0.36","0","76"
32,"11",1,43.7272727272727,20.2581818181818,"0.36","100","0"
32,"12",1,103.444444444444,38.76,"0.36","0","76"
32,"13",1,59.8181818181818,14.4654545454545,"0.36","100","0"
32,"14",1,118.989898989899,33.1636363636364,"0.36","0","76"
32,"15",1,62.3636363636364,13.5490909090909,"0.36","100","0"
32,"16",1,152.959595959596,20.9345454545455,"0.36","0","76"
32,"17",1,71.8181818181818,10.1454545454545,"0.36","100","0"
32,"18",1,165.818181818182,16.3054545454546,"0.36","0","76"
32,"19",1,100,0,"0.36","100","0"
32,"2",1,58.5353535353535,54.9272727272727,"0.36","0","76"
32,"20",1,211.111111111111,0,"0.36","0","76"
32,"3",1,24.5454545454545,27.1636363636364,"0.36","100","0"
32,"4",1,62.1818181818182,53.6145454545454,"0.36","0","76"
32,"5",1,29.6363636363636,25.3309090909091,"0.36","100","0"
32,"6",1,69.2828282828283,51.0581818181818,"0.36","0","76"
32,"7",1,27.4545454545455,26.1163636363636,"0.36","100","0"
32,"8",1,62.9494949494949,53.3381818181818,"0.36","0","76"
32,"9",1,35.4545454545455,23.2363636363636,"0.36","100","0"
33,"1",1,57.64,55.4916,"1.31","100","0"
33,"10",1,26.3927272727273,41.4255272727273,"1.31","0","76"
33,"11",1,48.9463636363636,66.8802636363636,"1.31","100","0"
33,"12",1,23.2836363636364,45.4984363636364,"1.31","0","76"
33,"13",1,39.5381818181818,79.2049818181818,"1.31","100","0"
33,"14",1,20.4509090909091,49.2093090909091,"1.31","0","76"
33,"15",1,37.8709090909091,81.3891090909091,"1.31","100","0"
33,"16",1,16.7890909090909,54.0062909090909,"1.31","0","76"
33,"17",1,24.5327272727273,98.8621272727273,"1.31","100","0"
33,"18",1,8.29090909090909,65.1389090909091,"1.31","0","76"
33,"19",1,6.43090909090909,122.575509090909,"1.31","100","0"
33,"2",1,33.0945454545455,32.6461454545455,"1.31","0","76"
33,"20",1,0,76,"1.31","0","76"
33,"3",1,55.2581818181818,58.6117818181818,"1.31","100","0"
33,"4",1,33.9927272727273,31.4695272727273,"1.31","0","76"
33,"5",1,56.4490909090909,57.0516909090909,"1.31","100","0"
33,"6",1,34.2,31.198,"1.31","0","76"
33,"7",1,55.02,58.9238,"1.31","100","0"
33,"8",1,32.3345454545455,33.6417454545455,"1.31","0","76"
33,"9",1,48.1127272727273,67.9723272727273,"1.31","100","0"
34,"1",1,39.4545454545455,38.7490909090909,"0.64","100","0"
34,"10",1,57.4318181818182,39.2436363636364,"0.64","0","76"
34,"11",1,41.7272727272727,37.2945454545455,"0.64","100","0"
34,"12",1,52.3579545454545,42.4909090909091,"0.64","0","76"
34,"13",1,52.1818181818182,30.6036363636364,"0.64","100","0"
34,"14",1,62.8295454545455,35.7890909090909,"0.64","0","76"
34,"15",1,47.8181818181818,33.3963636363636,"0.64","100","0"
34,"16",1,67.9034090909091,32.5418181818182,"0.64","0","76"
34,"17",1,56.3636363636364,27.9272727272727,"0.64","100","0"
34,"18",1,71.0340909090909,30.5381818181818,"0.64","0","76"
34,"19",1,64,23.04,"0.64","100","0"
34,"2",1,47.6079545454545,45.5309090909091,"0.64","0","76"
34,"20",1,105.795454545455,8.29090909090908,"0.64","0","76"
34,"3",1,38.3636363636364,39.4472727272727,"0.64","100","0"
34,"4",1,44.2613636363636,47.6727272727273,"0.64","0","76"
34,"5",1,37.2727272727273,40.1454545454545,"0.64","100","0"
34,"6",1,46.0965909090909,46.4981818181818,"0.64","0","76"
34,"7",1,37.4545454545455,40.0290909090909,"0.64","100","0"
34,"8",1,0,76,"0.64","0","76"
34,"9",1,36.9090909090909,40.3781818181818,"0.64","100","0"
35,"1",1,84.5454545454545,77.2727272727273,"5","100","0"
35,"10",1,8.70545454545455,32.4727272727273,"5","0","76"
35,"11",1,59.5454545454545,202.272727272727,"5","100","0"
35,"12",1,8.22181818181818,34.8909090909091,"5","0","76"
35,"13",1,43.6363636363636,281.818181818182,"5","100","0"
35,"14",1,5.80363636363636,46.9818181818182,"5","0","76"
35,"15",1,44.5454545454545,277.272727272727,"5","100","0"
35,"16",1,4.90545454545455,51.4727272727273,"5","0","76"
35,"17",1,35.4545454545455,322.727272727273,"5","100","0"
35,"18",1,0,76,"5","0","76"
35,"19",1,13.6363636363636,431.818181818182,"5","100","0"
35,"2",1,12.3672727272727,14.1636363636364,"5","0","76"
35,"20",1,0,76,"5","0","76"
35,"3",1,81.8181818181818,90.9090909090909,"5","100","0"
35,"4",1,12.2981818181818,14.5090909090909,"5","0","76"
35,"5",1,75.4545454545455,122.727272727273,"5","100","0"
35,"6",1,11.1236363636364,20.3818181818182,"5","0","76"
35,"7",1,69.0909090909091,154.545454545455,"5","100","0"
35,"8",1,7.6,38,"5","0","76"
35,"9",1,63.6363636363636,181.818181818182,"5","100","0"
36,"1",1,66.9090909090909,66.1818181818182,"2","100","0"
36,"10",1,13.2654545454545,49.4690909090909,"2","0","76"
36,"11",1,37.6363636363636,124.727272727273,"2","100","0"
36,"12",1,15.4072727272727,45.1854545454545,"2","0","76"
36,"13",1,44.7272727272727,110.545454545455,"2","100","0"
36,"14",1,10.5018181818182,54.9963636363636,"2","0","76"
36,"15",1,37.8181818181818,124.363636363636,"2","100","0"
36,"16",1,10.2945454545455,55.4109090909091,"2","0","76"
36,"17",1,30.5454545454545,138.909090909091,"2","100","0"
36,"18",1,6.49454545454545,63.0109090909091,"2","0","76"
36,"19",1,0,200,"2","100","0"
36,"2",1,25.6327272727273,24.7345454545455,"2","0","76"
36,"20",1,0,76,"2","0","76"
36,"3",1,66.5454545454545,66.9090909090909,"2","100","0"
36,"4",1,24.1818181818182,27.6363636363636,"2","0","76"
36,"5",1,60,80,"2","100","0"
36,"6",1,16.6509090909091,42.6981818181818,"2","0","76"
36,"7",1,50.9090909090909,98.1818181818182,"2","100","0"
36,"8",1,21.5563636363636,32.8872727272727,"2","0","76"
36,"9",1,43.6363636363636,112.727272727273,"2","100","0"
37,"1",1,40.7272727272727,41.4909090909091,"0.7","100","0"
37,"10",1,51.1272727272727,40.2109090909091,"0.7","0","76"
37,"11",1,51.5454545454545,33.9181818181818,"0.7","100","0"
37,"12",1,52.0155844155844,39.5890909090909,"0.7","0","76"
37,"13",1,48.9090909090909,35.7636363636364,"0.7","100","0"
37,"14",1,59.812987012987,34.1309090909091,"0.7","0","76"
37,"15",1,60,28,"0.7","100","0"
37,"16",1,70.9662337662338,26.3236363636364,"0.7","0","76"
37,"17",1,68.7272727272727,21.8909090909091,"0.7","100","0"
37,"18",1,61.9844155844156,32.6109090909091,"0.7","0","76"
37,"19",1,62.1818181818182,26.4727272727273,"0.7","100","0"
37,"2",1,45.3038961038961,44.2872727272727,"0.7","0","76"
37,"20",1,100.675324675325,5.52727272727272,"0.7","0","76"
37,"3",1,36.1818181818182,44.6727272727273,"0.7","100","0"
37,"4",1,40.6649350649351,47.5345454545455,"0.7","0","76"
37,"5",1,39.0909090909091,42.6363636363636,"0.7","100","0"
37,"6",1,44.5142857142857,44.84,"0.7","0","76"
37,"7",1,43.4545454545455,39.5818181818182,"0.7","100","0"
37,"8",1,53.8909090909091,38.2763636363636,"0.7","0","76"
37,"9",1,52,33.6,"0.7","100","0"
38,"1",1,57.2,61.204,"1.43","100","0"
38,"10",1,20.1745454545455,47.1504,"1.43","0","76"
38,"11",1,34.71,93.3647,"1.43","100","0"
38,"12",1,17.7563636363636,50.6084,"1.43","0","76"
38,"13",1,31.98,97.2686,"1.43","100","0"
38,"14",1,11.8836363636364,59.0064,"1.43","0","76"
38,"15",1,32.5,96.525,"1.43","100","0"
38,"16",1,9.60363636363636,62.2668,"1.43","0","76"
38,"17",1,15.86,120.3202,"1.43","100","0"
38,"18",1,2.21090909090909,72.8384,"1.43","0","76"
38,"19",1,0,143,"1.43","100","0"
38,"2",1,30.1927272727273,32.8244,"1.43","0","76"
38,"20",1,0,76,"1.43","0","76"
38,"3",1,58.5,59.345,"1.43","100","0"
38,"4",1,30.6763636363636,32.1328,"1.43","0","76"
38,"5",1,51.48,69.3836,"1.43","100","0"
38,"6",1,29.2254545454545,34.2076,"1.43","0","76"
38,"7",1,51.48,69.3836,"1.43","100","0"
38,"8",1,20.3127272727273,46.9528,"1.43","0","76"
38,"9",1,44.72,79.0504,"1.43","100","0"
39,"1",1,75.6145454545455,68.5231272727273,"2.81","100","0"
39,"10",1,15.8909090909091,31.3465454545455,"2.81","0","76"
39,"11",1,49.3027272727273,142.459336363636,"2.81","100","0"
39,"12",1,11.6763636363636,43.1894181818182,"2.81","0","76"
39,"13",1,33.72,186.2468,"2.81","100","0"
39,"14",1,12.4363636363636,41.0538181818182,"2.81","0","76"
39,"15",1,41.8945454545455,163.276327272727,"2.81","100","0"
39,"16",1,9.88,48.2372,"2.81","0","76"
39,"17",1,19.9254545454545,225.009472727273,"2.81","100","0"
39,"18",1,0,76,"2.81","0","76"
39,"19",1,21.9690909090909,219.266854545455,"2.81","100","0"
39,"2",1,19.5527272727273,21.0568363636364,"2.81","0","76"
39,"20",1,0,76,"2.81","0","76"
39,"3",1,73.5709090909091,74.2657454545454,"2.81","100","0"
39,"4",1,18.5163636363636,23.9690181818182,"2.81","0","76"
39,"5",1,73.06,75.7014,"2.81","100","0"
39,"6",1,18.4472727272727,24.1631636363636,"2.81","0","76"
39,"7",1,66.9290909090909,92.9292545454545,"2.81","100","0"
39,"8",1,15.0618181818182,33.6762909090909,"2.81","0","76"
39,"9",1,56.2,123.078,"2.81","100","0"
4,"1",1,26.7272727272727,26.3781818181818,"0.36","100","0"
4,"10",1,51.8181818181818,17.3454545454545,"0.36","100","0"
4,"11",1,45.7272727272727,19.5381818181818,"0.36","100","0"
4,"12",1,43.5454545454545,20.3236363636364,"0.36","100","0"
4,"13",1,51.6363636363636,17.4109090909091,"0.36","100","0"
4,"14",1,54.9090909090909,16.2327272727273,"0.36","100","0"
4,"15",1,67.0909090909091,11.8472727272727,"0.36","100","0"
4,"16",1,76.8181818181818,8.34545454545455,"0.36","100","0"
4,"17",1,71.8181818181818,10.1454545454545,"0.36","100","0"
4,"18",1,83.6363636363636,5.89090909090909,"0.36","100","0"
4,"19",1,90.9090909090909,3.27272727272727,"0.36","100","0"
4,"2",1,24.0909090909091,27.3272727272727,"0.36","100","0"
4,"20",1,100,0,"0.36","100","0"
4,"3",1,23.4545454545455,27.5563636363636,"0.36","100","0"
4,"4",1,30.7272727272727,24.9381818181818,"0.36","100","0"
4,"5",1,32.1818181818182,24.4145454545455,"0.36","100","0"
4,"6",1,29.1818181818182,25.4945454545455,"0.36","100","0"
4,"7",1,38.1818181818182,22.2545454545455,"0.36","100","0"
4,"8",1,36.9090909090909,22.7127272727273,"0.36","100","0"
4,"9",1,34.5454545454545,23.5636363636364,"0.36","100","0"
40,"1",1,35.8181818181818,36.5836363636364,"0.57","100","0"
40,"10",1,56.4848484848485,43.8036363636364,"0.57","0","76"
40,"11",1,46.4545454545455,30.5209090909091,"0.57","100","0"
40,"12",1,59.5151515151515,42.0763636363636,"0.57","0","76"
40,"13",1,44,31.92,"0.57","100","0"
40,"14",1,67.8787878787879,37.3090909090909,"0.57","0","76"
40,"15",1,52,27.36,"0.57","100","0"
40,"16",1,73.5757575757576,34.0618181818182,"0.57","0","76"
40,"17",1,56.5454545454545,24.7690909090909,"0.57","100","0"
40,"18",1,75.1515151515152,33.1636363636364,"0.57","0","76"
40,"19",1,66.1818181818182,19.2763636363636,"0.57","100","0"
40,"2",1,45.9393939393939,49.8145454545455,"0.57","0","76"
40,"20",1,121.454545454545,6.77090909090909,"0.57","0","76"
40,"3",1,33.0909090909091,38.1381818181818,"0.57","100","0"
40,"4",1,42.4242424242424,51.8181818181818,"0.57","0","76"
40,"5",1,31.0909090909091,39.2781818181818,"0.57","100","0"
40,"6",1,50.7878787878788,47.0509090909091,"0.57","0","76"
40,"7",1,37.8181818181818,35.4436363636364,"0.57","100","0"
40,"8",1,0,76,"0.57","0","76"
40,"9",1,36.5454545454545,36.1690909090909,"0.57","100","0"
41,"1",1,44.7272727272727,45.8763636363636,"0.83","100","0"
41,"10",1,42.9529025191676,40.3490909090909,"0.83","0","76"
41,"11",1,54.0909090909091,38.1045454545455,"0.83","100","0"
41,"12",1,48.6966046002191,35.5818181818182,"0.83","0","76"
41,"13",1,57.6363636363636,35.1618181818182,"0.83","100","0"
41,"14",1,61.4326396495071,25.0109090909091,"0.83","0","76"
41,"15",1,67.6363636363636,26.8618181818182,"0.83","100","0"
41,"16",1,67.1763417305586,20.2436363636364,"0.83","0","76"
41,"17",1,73.0909090909091,22.3345454545455,"0.83","100","0"
41,"18",1,61.0996714129244,25.2872727272727,"0.83","0","76"
41,"19",1,77.4545454545455,18.7127272727273,"0.83","100","0"
41,"2",1,41.7042716319825,41.3854545454546,"0.83","0","76"
41,"20",1,0,76,"0.83","0","76"
41,"3",1,46,44.82,"0.83","100","0"
41,"4",1,39.2902519167579,43.3890909090909,"0.83","0","76"
41,"5",1,48.3636363636364,42.8581818181818,"0.83","100","0"
41,"6",1,41.3713033953998,41.6618181818182,"0.83","0","76"
41,"7",1,41.4545454545455,48.5927272727273,"0.83","100","0"
41,"8",1,54.7732749178532,30.5381818181818,"0.83","0","76"
41,"9",1,42.3636363636364,47.8381818181818,"0.83","100","0"
42,"1",1,23.0909090909091,21.5345454545455,"0.28","100","0"
42,"10",1,80.4415584415584,53.4763636363636,"0.28","0","76"
42,"11",1,44.2727272727273,15.6036363636364,"0.28","100","0"
42,"12",1,122.142857142857,41.8,"0.28","0","76"
42,"13",1,52.9090909090909,13.1854545454545,"0.28","100","0"
42,"14",1,159.896103896104,31.2290909090909,"0.28","0","76"
42,"15",1,60.1818181818182,11.1490909090909,"0.28","100","0"
42,"16",1,161.12987012987,30.8836363636364,"0.28","0","76"
42,"17",1,60.1818181818182,11.1490909090909,"0.28","100","0"
42,"18",1,183.584415584416,24.5963636363636,"0.28","0","76"
42,"19",1,71.8181818181818,7.89090909090909,"0.28","100","0"
42,"2",1,68.8441558441558,56.7236363636364,"0.28","0","76"
42,"20",1,255.142857142857,4.56000000000002,"0.28","0","76"
42,"3",1,20.9090909090909,22.1454545454545,"0.28","100","0"
42,"4",1,56.7532467532467,60.1090909090909,"0.28","0","76"
42,"5",1,26.3636363636364,20.6181818181818,"0.28","100","0"
42,"6",1,61.9350649350649,58.6581818181818,"0.28","0","76"
42,"7",1,27.8181818181818,20.2109090909091,"0.28","100","0"
42,"8",1,112.025974025974,44.6327272727273,"0.28","0","76"
42,"9",1,36.7272727272727,17.7163636363636,"0.28","100","0"
43,"1",1,69.0527272727273,72.1071454545454,"2.33","100","0"
43,"10",1,19.3454545454545,30.9250909090909,"2.33","0","76"
43,"11",1,52.3190909090909,111.096518181818,"2.33","100","0"
43,"12",1,15.8218181818182,39.1351636363636,"2.33","0","76"
43,"13",1,41.5163636363636,136.266872727273,"2.33","100","0"
43,"14",1,14.6472727272727,41.8718545454545,"2.33","0","76"
43,"15",1,45.7527272727273,126.396145454545,"2.33","100","0"
43,"16",1,11.4,49.438,"2.33","0","76"
43,"17",1,31.3490909090909,159.956618181818,"2.33","100","0"
43,"18",1,11.0545454545455,50.2429090909091,"2.33","0","76"
43,"19",1,33.4672727272727,155.021254545455,"2.33","100","0"
43,"2",1,22.3163636363636,24.0028727272727,"2.33","0","76"
43,"20",1,0,76,"2.33","0","76"
43,"3",1,70.3236363636364,69.1459272727273,"2.33","100","0"
43,"4",1,22.5236363636364,23.5199272727273,"2.33","0","76"
43,"5",1,71.5945454545455,66.1847090909091,"2.33","100","0"
43,"6",1,20.1054545454545,29.1542909090909,"2.33","0","76"
43,"7",1,65.6636363636364,80.0037272727273,"2.33","100","0"
43,"8",1,15.4763636363636,39.9400727272727,"2.33","0","76"
43,"9",1,58.4618181818182,96.7839636363636,"2.33","100","0"
44,"1",1,48,52,"1","100","0"
44,"10",1,34.8218181818182,41.1781818181818,"1","0","76"
44,"11",1,48.6363636363636,51.3636363636364,"1","100","0"
44,"12",1,35.0290909090909,40.9709090909091,"1","0","76"
44,"13",1,46.3636363636364,53.6363636363636,"1","100","0"
44,"14",1,37.3090909090909,38.6909090909091,"1","0","76"
44,"15",1,49.6363636363636,50.3636363636364,"1","100","0"
44,"16",1,36.5490909090909,39.4509090909091,"1","0","76"
44,"17",1,50,50,"1","100","0"
44,"18",1,33.5781818181818,42.4218181818182,"1","0","76"
44,"19",1,48.1818181818182,51.8181818181818,"1","100","0"
44,"2",1,32.1272727272727,43.8727272727273,"1","0","76"
44,"20",1,33.9927272727273,42.0072727272727,"1","0","76"
44,"3",1,45.0909090909091,54.9090909090909,"1","100","0"
44,"4",1,34.4072727272727,41.5927272727273,"1","0","76"
44,"5",1,45.8181818181818,54.1818181818182,"1","100","0"
44,"6",1,39.1745454545455,36.8254545454545,"1","0","76"
44,"7",1,48.7272727272727,51.2727272727273,"1","100","0"
44,"8",1,36.7563636363636,39.2436363636364,"1","0","76"
44,"9",1,51.2727272727273,48.7272727272727,"1","100","0"
45,"1",1,30.1818181818182,30.0218181818182,"0.43","100","0"
45,"10",1,74.2325581395349,44.08,"0.43","0","76"
45,"11",1,47,22.79,"0.43","100","0"
45,"12",1,84.9978858350951,39.4509090909091,"0.43","0","76"
45,"13",1,50.3636363636364,21.3436363636364,"0.43","100","0"
45,"14",1,93.8350951374207,35.6509090909091,"0.43","0","76"
45,"15",1,50.1818181818182,21.4218181818182,"0.43","100","0"
45,"16",1,94.3171247357294,35.4436363636364,"0.43","0","76"
45,"17",1,62,16.34,"0.43","100","0"
45,"18",1,115.68710359408,26.2545454545455,"0.43","0","76"
45,"19",1,60.7272727272727,16.8872727272727,"0.43","100","0"
45,"2",1,54.1479915433404,52.7163636363636,"0.43","0","76"
45,"20",1,134.646934460888,18.1018181818182,"0.43","0","76"
45,"3",1,30.3636363636364,29.9436363636364,"0.43","100","0"
45,"4",1,55.9154334038055,51.9563636363636,"0.43","0","76"
45,"5",1,34.9090909090909,27.9890909090909,"0.43","100","0"
45,"6",1,65.3953488372093,47.88,"0.43","0","76"
45,"7",1,35.6363636363636,27.6763636363636,"0.43","100","0"
45,"8",1,99.2980972515856,33.3018181818182,"0.43","0","76"
45,"9",1,44.9090909090909,23.6890909090909,"0.43","100","0"
46,"1",1,47.8181818181818,46.4418181818182,"0.89","100","0"
46,"10",1,45.4913176710929,35.5127272727273,"0.89","0","76"
46,"11",1,60.0909090909091,35.5190909090909,"0.89","100","0"
46,"12",1,54.2635342185904,27.7054545454546,"0.89","0","76"
46,"13",1,60.7272727272727,34.9527272727273,"0.89","100","0"
46,"14",1,53.4096016343207,28.4654545454545,"0.89","0","76"
46,"15",1,65.0909090909091,31.0690909090909,"0.89","100","0"
46,"16",1,57.2134831460674,25.08,"0.89","0","76"
46,"17",1,58.3636363636364,37.0563636363636,"0.89","100","0"
46,"18",1,59.3094994892748,23.2145454545455,"0.89","0","76"
46,"19",1,70.5454545454545,26.2145454545455,"0.89","100","0"
46,"2",1,40.1348314606741,40.28,"0.89","0","76"
46,"20",1,81.3564862104188,3.59272727272727,"0.89","0","76"
46,"3",1,44,49.84,"0.89","100","0"
46,"4",1,41.9203268641471,38.6909090909091,"0.89","0","76"
46,"5",1,49.4545454545455,44.9854545454545,"0.89","100","0"
46,"6",1,42.4637385086823,38.2072727272727,"0.89","0","76"
46,"7",1,49.0909090909091,45.3090909090909,"0.89","100","0"
46,"8",1,43.7834525025536,37.0327272727273,"0.89","0","76"
46,"9",1,50.7272727272727,43.8527272727273,"0.89","100","0"
47,"1",1,61.6581818181818,60.1966545454545,"1.57","100","0"
47,"10",1,22.6618181818182,40.4209454545455,"1.57","0","76"
47,"11",1,46.9572727272727,83.2770818181818,"1.57","100","0"
47,"12",1,17.2036363636364,48.9902909090909,"1.57","0","76"
47,"13",1,34.54,102.7722,"1.57","100","0"
47,"14",1,15.7527272727273,51.2682181818182,"1.57","0","76"
47,"15",1,26.8327272727273,114.872618181818,"1.57","100","0"
47,"16",1,9.74181818181818,60.7053454545455,"1.57","0","76"
47,"17",1,16.5563636363636,131.006509090909,"1.57","100","0"
47,"18",1,6.35636363636364,66.0205090909091,"1.57","0","76"
47,"19",1,7.99272727272727,144.451418181818,"1.57","100","0"
47,"2",1,29.2254545454545,30.1160363636364,"1.57","0","76"
47,"20",1,0,76,"1.57","0","76"
47,"3",1,63.6563636363636,57.0595090909091,"1.57","100","0"
47,"4",1,30.1236363636364,28.7058909090909,"1.57","0","76"
47,"5",1,62.2290909090909,59.3003272727273,"1.57","100","0"
47,"6",1,28.3963636363636,31.4177090909091,"1.57","0","76"
47,"7",1,63.0854545454545,57.9558363636364,"1.57","100","0"
47,"8",1,21.0036363636364,43.0242909090909,"1.57","0","76"
47,"9",1,55.6636363636364,69.6080909090909,"1.57","100","0"
48,"1",1,57.64,51.2556,"1.21","100","0"
48,"10",1,26.6690909090909,43.7304,"1.21","0","76"
48,"11",1,31.57,82.8003,"1.21","100","0"
48,"12",1,21.6254545454545,49.8332,"1.21","0","76"
48,"13",1,31.02,83.4658,"1.21","100","0"
48,"14",1,21.1418181818182,50.4184,"1.21","0","76"
48,"15",1,25.08,90.6532,"1.21","100","0"
48,"16",1,16.7890909090909,55.6852,"1.21","0","76"
48,"17",1,19.14,97.8406,"1.21","100","0"
48,"18",1,0,76,"1.21","0","76"
48,"19",1,4.18,115.9422,"1.21","100","0"
48,"2",1,34.8909090909091,33.782,"1.21","0","76"
48,"20",1,0,76,"1.21","0","76"
48,"3",1,55.66,53.6514,"1.21","100","0"
48,"4",1,36.48,31.8592,"1.21","0","76"
48,"5",1,55.22,54.1838,"1.21","100","0"
48,"6",1,29.9163636363636,39.8012,"1.21","0","76"
48,"7",1,51.48,58.7092,"1.21","100","0"
48,"8",1,24.4581818181818,46.4056,"1.21","0","76"
48,"9",1,40.92,71.4868,"1.21","100","0"
49,"1",1,48.7272727272727,48.1963636363636,"0.94","100","0"
49,"10",1,51.4506769825919,27.6363636363636,"0.94","0","76"
49,"11",1,62.0909090909091,35.6345454545455,"0.94","100","0"
49,"12",1,55.0522243713733,24.2509090909091,"0.94","0","76"
49,"13",1,64,33.84,"0.94","100","0"
49,"14",1,60.4177949709865,19.2072727272727,"0.94","0","76"
49,"15",1,77.2727272727273,21.3636363636364,"0.94","100","0"
49,"16",1,60.3442940038685,19.2763636363636,"0.94","0","76"
49,"17",1,72.5454545454545,25.8072727272727,"0.94","100","0"
49,"18",1,65.7098646034816,14.2327272727273,"0.94","0","76"
49,"19",1,75.4545454545455,23.0727272727273,"0.94","100","0"
49,"2",1,40.7930367504836,37.6545454545455,"0.94","0","76"
49,"20",1,74.6769825918762,5.80363636363637,"0.94","0","76"
49,"3",1,50.7272727272727,46.3163636363636,"0.94","100","0"
49,"4",1,42.4835589941973,36.0654545454545,"0.94","0","76"
49,"5",1,55.2727272727273,42.0436363636364,"0.94","100","0"
49,"6",1,39.7640232108317,38.6218181818182,"0.94","0","76"
49,"7",1,57.6363636363636,39.8218181818182,"0.94","100","0"
49,"8",1,46.7466150870406,32.0581818181818,"0.94","0","76"
49,"9",1,59.6363636363636,37.9418181818182,"0.94","100","0"
5,"1",1,73.5709090909091,74.2657454545454,"2.81","100","0"
5,"10",1,55.6890909090909,124.513654545455,"2.81","100","0"
5,"11",1,57.9881818181818,118.053209090909,"2.81","100","0"
5,"12",1,51.8572727272727,135.281063636364,"2.81","100","0"
5,"13",1,46.4927272727273,150.355436363636,"2.81","100","0"
5,"14",1,34.7418181818182,183.375490909091,"2.81","100","0"
5,"15",1,32.6981818181818,189.118109090909,"2.81","100","0"
5,"16",1,30.91,194.1429,"2.81","100","0"
5,"17",1,27.5890909090909,203.474654545455,"2.81","100","0"
5,"18",1,9.19636363636364,255.158218181818,"2.81","100","0"
5,"19",1,4.59818181818182,268.079109090909,"2.81","100","0"
5,"2",1,75.3590909090909,69.2409545454545,"2.81","100","0"
5,"20",1,6.13090909090909,263.772145454545,"2.81","100","0"
5,"3",1,73.5709090909091,74.2657454545454,"2.81","100","0"
5,"4",1,75.6145454545455,68.5231272727273,"2.81","100","0"
5,"5",1,65.9072727272727,95.8005636363636,"2.81","100","0"
5,"6",1,74.8481818181818,70.6766090909091,"2.81","100","0"
5,"7",1,67.9509090909091,90.0579454545454,"2.81","100","0"
5,"8",1,64.3745454545455,100.107527272727,"2.81","100","0"
5,"9",1,65.9072727272727,95.8005636363636,"2.81","100","0"
50,"1",1,34,33,"0.5","100","0"
50,"10",1,70.1963636363636,40.9018181818182,"0.5","0","76"
50,"11",1,56.2727272727273,21.8636363636364,"0.5","100","0"
50,"12",1,98.5236363636364,26.7381818181818,"0.5","0","76"
50,"13",1,69.4545454545455,15.2727272727273,"0.5","100","0"
50,"14",1,106.123636363636,22.9381818181818,"0.5","0","76"
50,"15",1,72.5454545454545,13.7272727272727,"0.5","100","0"
50,"16",1,116.763636363636,17.6181818181818,"0.5","0","76"
50,"17",1,81.4545454545455,9.27272727272727,"0.5","100","0"
50,"18",1,121.323636363636,15.3381818181818,"0.5","0","76"
50,"19",1,100,0,"0.5","100","0"
50,"2",1,53.4763636363636,49.2618181818182,"0.5","0","76"
50,"20",1,149.789090909091,1.10545454545455,"0.5","0","76"
50,"3",1,38.7272727272727,30.6363636363636,"0.5","100","0"
50,"4",1,54.1672727272727,48.9163636363636,"0.5","0","76"
50,"5",1,36.9090909090909,31.5454545454545,"0.5","100","0"
50,"6",1,60.6618181818182,45.6690909090909,"0.5","0","76"
50,"7",1,46.5454545454545,26.7272727272727,"0.5","100","0"
50,"8",1,74.0654545454545,38.9672727272727,"0.5","0","76"
50,"9",1,46.7272727272727,26.6363636363636,"0.5","100","0"
51,"1",1,77.8909090909091,78.9294545454545,"3.57","100","0"
51,"10",1,15.6145454545455,20.2560727272727,"3.57","0","76"
51,"11",1,60.69,140.3367,"3.57","100","0"
51,"12",1,9.46545454545454,42.2083272727273,"3.57","0","76"
51,"13",1,31.8054545454545,243.454527272727,"3.57","100","0"
51,"14",1,6.35636363636364,53.3077818181818,"3.57","0","76"
51,"15",1,30.5072727272727,248.089036363636,"3.57","100","0"
51,"16",1,6.28727272727273,53.5544363636364,"3.57","0","76"
51,"17",1,20.1218181818182,285.165109090909,"3.57","100","0"
51,"18",1,2.90181818181818,65.6405090909091,"3.57","0","76"
51,"19",1,8.43818181818182,326.875690909091,"3.57","100","0"
51,"2",1,16.5127272727273,17.0495636363636,"3.57","0","76"
51,"20",1,0,76,"3.57","0","76"
51,"3",1,74.6454545454545,90.5157272727273,"3.57","100","0"
51,"4",1,16.8581818181818,15.8162909090909,"3.57","0","76"
51,"5",1,71.4,102.102,"3.57","100","0"
51,"6",1,14.7163636363636,23.4625818181818,"3.57","0","76"
51,"7",1,62.9618181818182,132.226309090909,"3.57","100","0"
51,"8",1,10.5018181818182,38.5085090909091,"3.57","0","76"
51,"9",1,68.8036363636364,111.371018181818,"3.57","100","0"
52,"1",1,42.5454545454545,43.6654545454545,"0.76","100","0"
52,"10",1,56,33.44,"0.76","0","76"
52,"11",1,63,28.12,"0.76","100","0"
52,"12",1,66.6363636363636,25.3563636363636,"0.76","0","76"
52,"13",1,70,22.8,"0.76","100","0"
52,"14",1,69.2727272727273,23.3527272727273,"0.76","0","76"
52,"15",1,70.1818181818182,22.6618181818182,"0.76","100","0"
52,"16",1,70.2727272727273,22.5927272727273,"0.76","0","76"
52,"17",1,69.8181818181818,22.9381818181818,"0.76","100","0"
52,"18",1,79.0909090909091,15.8909090909091,"0.76","0","76"
52,"19",1,86.5454545454545,10.2254545454545,"0.76","100","0"
52,"2",1,44.2727272727273,42.3527272727273,"0.76","0","76"
52,"20",1,98.1818181818182,1.38181818181818,"0.76","0","76"
52,"3",1,40.1818181818182,45.4618181818182,"0.76","100","0"
52,"4",1,41.6363636363636,44.3563636363636,"0.76","0","76"
52,"5",1,46.5454545454545,40.6254545454545,"0.76","100","0"
52,"6",1,41.3636363636364,44.5636363636364,"0.76","0","76"
52,"7",1,48.5454545454545,39.1054545454545,"0.76","100","0"
52,"8",1,58.3636363636364,31.6436363636364,"0.76","0","76"
52,"9",1,59.0909090909091,31.0909090909091,"0.76","100","0"
53,"1",1,18.5454545454545,16.2909090909091,"0.2","100","0"
53,"10",1,147.854545454545,46.4290909090909,"0.2","0","76"
53,"11",1,44.4545454545455,11.1090909090909,"0.2","100","0"
53,"12",1,193.109090909091,37.3781818181818,"0.2","0","76"
53,"13",1,58.1818181818182,8.36363636363637,"0.2","100","0"
53,"14",1,249.418181818182,26.1163636363636,"0.2","0","76"
53,"15",1,72.5454545454545,5.49090909090909,"0.2","100","0"
53,"16",1,276.709090909091,20.6581818181818,"0.2","0","76"
53,"17",1,77.0909090909091,4.58181818181818,"0.2","100","0"
53,"18",1,316.436363636364,12.7127272727273,"0.2","0","76"
53,"19",1,93.2727272727273,1.34545454545454,"0.2","100","0"
53,"2",1,72.2,61.56,"0.2","0","76"
53,"20",1,380,0,"0.2","0","76"
53,"3",1,19.6363636363636,16.0727272727273,"0.2","100","0"
53,"4",1,65.6363636363636,62.8727272727273,"0.2","0","76"
53,"5",1,15.6363636363636,16.8727272727273,"0.2","100","0"
53,"6",1,79.8,60.04,"0.2","0","76"
53,"7",1,25.8181818181818,14.8363636363636,"0.2","100","0"
53,"8",1,171.345454545455,41.7309090909091,"0.2","0","76"
53,"9",1,30.3636363636364,13.9272727272727,"0.2","100","0"
54,"1",1,64.2727272727273,62.5227272727273,"1.75","100","0"
54,"10",1,18.1018181818182,44.3218181818182,"1.75","0","76"
54,"11",1,41.8409090909091,101.778409090909,"1.75","100","0"
54,"12",1,15.96,48.07,"1.75","0","76"
54,"13",1,34.3636363636364,114.863636363636,"1.75","100","0"
54,"14",1,14.2327272727273,51.0927272727273,"1.75","0","76"
54,"15",1,36.9090909090909,110.409090909091,"1.75","100","0"
54,"16",1,10.4327272727273,57.7427272727273,"1.75","0","76"
54,"17",1,21.3181818181818,137.693181818182,"1.75","100","0"
54,"18",1,8.70545454545455,60.7654545454545,"1.75","0","76"
54,"19",1,18.7727272727273,142.147727272727,"1.75","100","0"
54,"2",1,26.4618181818182,29.6918181818182,"1.75","0","76"
54,"20",1,0,76,"1.75","0","76"
54,"3",1,63,64.75,"1.75","100","0"
54,"4",1,26.9454545454545,28.8454545454545,"1.75","0","76"
54,"5",1,57.5909090909091,74.2159090909091,"1.75","100","0"
54,"6",1,22.8690909090909,35.9790909090909,"1.75","0","76"
54,"7",1,46.1363636363636,94.2613636363636,"1.75","100","0"
54,"8",1,20.3127272727273,40.4527272727273,"1.75","0","76"
54,"9",1,38.8181818181818,107.068181818182,"1.75","100","0"
55,"1",1,55.0618181818182,50.7801454545455,"1.13","100","0"
55,"10",1,25.9781818181818,46.6446545454546,"1.13","0","76"
55,"11",1,35.8518181818182,72.4874454545455,"1.13","100","0"
55,"12",1,22.1781818181818,50.9386545454546,"1.13","0","76"
55,"13",1,31.0236363636364,77.9432909090909,"1.13","100","0"
55,"14",1,19.6218181818182,53.8273454545455,"1.13","0","76"
55,"15",1,100,0,"1.13","100","0"
55,"16",1,17.8945454545455,55.7791636363636,"1.13","0","76"
55,"17",1,25.0654545454545,84.6760363636364,"1.13","100","0"
55,"18",1,9.67272727272727,65.0698181818182,"1.13","0","76"
55,"19",1,17.6690909090909,93.0339272727273,"1.13","100","0"
55,"2",1,35.5818181818182,35.7925454545455,"1.13","0","76"
55,"20",1,0,76,"1.13","0","76"
55,"3",1,53.2127272727273,52.8696181818182,"1.13","100","0"
55,"4",1,36.48,34.7776,"1.13","0","76"
55,"5",1,49.3090909090909,57.2807272727273,"1.13","100","0"
55,"6",1,32.2654545454545,39.5400363636364,"1.13","0","76"
55,"7",1,47.46,59.3702,"1.13","100","0"
55,"8",1,27.4981818181818,44.9270545454545,"1.13","0","76"
55,"9",1,39.0363636363636,68.8889090909091,"1.13","100","0"
56,"1",1,61.3727272727273,60.6448181818182,"1.57","100","0"
56,"1",2,58.5927272727273,54.2435272727273,"1.31","100","0"
56,"1",3,53.0909090909091,46.9090909090909,"1","100","0"
56,"1",4,45.0909090909091,45.5745454545455,"0.83","100","0"
56,"1",5,38.9090909090909,39.0981818181818,"0.64","100","0"
56,"1",6,36.1818181818182,36.3763636363636,"0.57","100","0"
56,"1",7,33.0909090909091,33.4545454545455,"0.5","100","0"
56,"1",8,29.2727272727273,30.4127272727273,"0.43","100","0"
56,"1",9,26,26.64,"0.36","100","0"
56,"10",1,25.4254545454545,36.0820363636364,"1.57","0","76"
56,"10",2,0,76,"1.31","0","76"
56,"10",3,27.0836363636364,48.9163636363636,"1","0","76"
56,"10",4,0,76,"0.83","0","76"
56,"10",5,59.375,38,"0.64","0","76"
56,"10",6,68.1212121212121,37.1709090909091,"0.57","0","76"
56,"10",7,83.4618181818182,34.2690909090909,"0.5","0","76"
56,"10",8,76.4820295983087,43.1127272727273,"0.43","0","76"
56,"10",9,117.454545454545,33.7163636363636,"0.36","0","76"
56,"11",1,46.9572727272727,83.2770818181818,"1.57","100","0"
56,"11",2,38.0909090909091,61.9090909090909,"1","100","0"
56,"11",3,35,41.6,"0.64","100","0"
56,"11",4,57.1818181818182,29.9727272727273,"0.7","100","0"
56,"11",5,57.5454545454545,35.2372727272727,"0.83","100","0"
56,"11",6,53.5454545454545,41.3445454545455,"0.89","100","0"
56,"11",7,60.0909090909091,37.5145454545454,"0.94","100","0"
56,"11",8,59.3636363636364,40.6363636363636,"1","100","0"
56,"11",9,55.2163636363636,47.4706545454546,"1.06","100","0"
56,"12",1,23.6981818181818,38.7938545454545,"1.57","0","76"
56,"12",2,30.4690909090909,45.5309090909091,"1","0","76"
56,"12",3,75.0284090909091,27.9818181818182,"0.64","0","76"
56,"12",4,66.0311688311688,29.7781818181818,"0.7","0","76"
56,"12",5,53.3581599123768,31.7127272727273,"0.83","0","76"
56,"12",6,50.6925434116445,30.8836363636364,"0.89","0","76"
56,"12",7,44.9090909090909,33.7854545454545,"0.94","0","76"
56,"12",8,46.9127272727273,29.0872727272727,"1","0","76"
56,"12",9,43.4581818181818,29.9343272727273,"1.06","0","76"
56,"13",1,45.9581818181818,84.8456545454546,"1.57","100","0"
56,"13",2,33.0909090909091,66.9090909090909,"1","100","0"
56,"13",3,56.7272727272727,27.6945454545455,"0.64","100","0"
56,"13",4,68.5454545454545,22.0181818181818,"0.7","100","0"
56,"13",5,60.9090909090909,32.4454545454545,"0.83","100","0"
56,"13",6,59.6363636363636,35.9236363636364,"0.89","100","0"
56,"13",7,66.1818181818182,31.7890909090909,"0.94","100","0"
56,"13",8,64.1818181818182,35.8181818181818,"1","100","0"
56,"13",9,66.1054545454545,35.9282181818182,"1.06","100","0"
56,"14",1,19.0690909090909,46.0615272727273,"1.57","0","76"
56,"14",2,25.5636363636364,50.4363636363636,"1","0","76"
56,"14",3,72.5454545454545,29.5709090909091,"0.64","0","76"
56,"14",4,76.5922077922078,22.3854545454545,"0.7","0","76"
56,"14",5,62.4315443592552,24.1818181818182,"0.83","0","76"
56,"14",6,58.8437180796731,23.6290909090909,"0.89","0","76"
56,"14",7,55.1257253384913,24.1818181818182,"0.94","0","76"
56,"14",8,51.9563636363636,24.0436363636364,"1","0","76"
56,"14",9,49.6072727272727,23.4162909090909,"1.06","0","76"
56,"15",1,36.2527272727273,100.083218181818,"1.57","100","0"
56,"15",2,34.7272727272727,65.2727272727273,"1","100","0"
56,"15",3,68.9090909090909,19.8981818181818,"0.64","100","0"
56,"15",4,70.5454545454545,20.6181818181818,"0.7","100","0"
56,"15",5,66.5454545454545,27.7672727272727,"0.83","100","0"
56,"15",6,72.5454545454545,24.4345454545455,"0.89","100","0"
56,"15",7,68.5454545454545,29.5672727272727,"0.94","100","0"
56,"15",8,64.1818181818182,35.8181818181818,"1","100","0"
56,"15",9,67.6472727272727,34.2938909090909,"1.06","100","0"
56,"16",1,19.6909090909091,45.0852727272727,"1.57","0","76"
56,"16",2,24.6654545454545,51.3345454545455,"1","0","76"
56,"16",3,76.9715909090909,26.7381818181818,"0.64","0","76"
56,"16",4,77.8753246753247,21.4872727272727,"0.7","0","76"
56,"16",5,63.8466593647317,23.0072727272727,"0.83","0","76"
56,"16",6,57.679264555669,24.6654545454546,"0.89","0","76"
56,"16",7,60.7852998065764,18.8618181818182,"0.94","0","76"
56,"16",8,56.0327272727273,19.9672727272727,"1","0","76"
56,"16",9,55.6181818181818,17.0447272727273,"1.06","0","76"
56,"17",1,26.8327272727273,114.872618181818,"1.57","100","0"
56,"17",2,25.4545454545455,74.5454545454545,"1","100","0"
56,"17",3,65.8181818181818,21.8763636363636,"0.64","100","0"
56,"17",4,88.5454545454545,8.01818181818182,"0.7","100","0"
56,"17",5,79.0909090909091,17.3545454545455,"0.83","100","0"
56,"17",6,70,26.7,"0.89","100","0"
56,"17",7,78.3636363636364,20.3381818181818,"0.94","100","0"
56,"17",8,83.4545454545455,16.5454545454545,"1","100","0"
56,"17",9,74.2,27.348,"1.06","100","0"
56,"18",1,15.8909090909091,51.0512727272727,"1.57","0","76"
56,"18",2,14.3709090909091,61.6290909090909,"1","0","76"
56,"18",3,93.0568181818182,16.4436363636364,"0.64","0","76"
56,"18",4,90.6077922077922,12.5745454545454,"0.7","0","76"
56,"18",5,71.0887185104053,16.9963636363636,"0.83","0","76"
56,"18",6,58.5331971399387,23.9054545454546,"0.89","0","76"
56,"18",7,64.9748549323017,14.9236363636364,"0.94","0","76"
56,"18",8,59.0036363636364,16.9963636363636,"1","0","76"
56,"18",9,51.68,21.2192,"1.06","0","76"
56,"19",1,27.1181818181818,114.424454545455,"1.57","100","0"
56,"19",2,20.7218181818182,103.854418181818,"1.31","100","0"
56,"19",3,87.2727272727273,12.7272727272727,"1","100","0"
56,"19",4,91.2727272727273,7.24363636363637,"0.83","100","0"
56,"19",5,85.6363636363636,9.19272727272728,"0.64","100","0"
56,"19",6,72.1818181818182,15.8563636363636,"0.57","100","0"
56,"19",7,74.7272727272727,12.6363636363636,"0.5","100","0"
56,"19",8,100,0,"0.43","100","0"
56,"19",9,89.4545454545455,3.79636363636364,"0.36","100","0"
56,"2",1,30.8836363636364,27.5126909090909,"1.57","0","76"
56,"2",2,32.2654545454545,33.7322545454545,"1.31","0","76"
56,"2",3,39.0363636363636,36.9636363636364,"1","0","76"
56,"2",4,41.0383351588171,41.9381818181818,"0.83","0","76"
56,"2",5,46.5284090909091,46.2218181818182,"0.64","0","76"
56,"2",6,48.6060606060606,48.2945454545455,"0.57","0","76"
56,"2",7,50.16,50.92,"0.5","0","76"
56,"2",8,53.5052854122622,52.9927272727273,"0.43","0","76"
56,"2",9,55.8484848484848,55.8945454545455,"0.36","0","76"
56,"20",1,7.18545454545455,64.7188363636364,"1.57","0","76"
56,"20",2,7.46181818181818,66.2250181818182,"1.31","0","76"
56,"20",3,72.6836363636364,3.31636363636363,"1","0","76"
56,"20",4,91.566265060241,0,"0.83","0","76"
56,"20",5,110.761363636364,5.11272727272727,"0.64","0","76"
56,"20",6,90.6666666666667,24.32,"0.57","0","76"
56,"20",7,146.196363636364,2.90181818181819,"0.5","0","76"
56,"20",8,175.780126849894,0.414545454545461,"0.43","0","76"
56,"20",9,210.343434343434,0.276363636363641,"0.36","0","76"
56,"3",1,61.9436363636364,59.7484909090909,"1.57","100","0"
56,"3",2,56.4490909090909,57.0516909090909,"1.31","100","0"
56,"3",3,52.1818181818182,47.8181818181818,"1","100","0"
56,"3",4,44.7272727272727,45.8763636363636,"0.83","100","0"
56,"3",5,39.6363636363636,38.6327272727273,"0.64","100","0"
56,"3",6,36,36.48,"0.57","100","0"
56,"3",7,33.6363636363636,33.1818181818182,"0.5","100","0"
56,"3",8,30.1818181818182,30.0218181818182,"0.43","100","0"
56,"3",9,26,26.64,"0.36","100","0"
56,"4",1,30.9527272727273,27.4042181818182,"1.57","0","76"
56,"4",2,33.8545454545455,31.6505454545455,"1.31","0","76"
56,"4",3,38.2763636363636,37.7236363636364,"1","0","76"
56,"4",4,41.6210295728368,41.4545454545455,"0.83","0","76"
56,"4",5,46.8522727272727,46.0145454545455,"0.64","0","76"
56,"4",6,48.7272727272727,48.2254545454545,"0.57","0","76"
56,"4",7,50.0218181818182,50.9890909090909,"0.5","0","76"
56,"4",8,52.7019027484144,53.3381818181818,"0.43","0","76"
56,"4",9,55.6565656565657,55.9636363636364,"0.36","0","76"
56,"5",1,61.3727272727273,60.6448181818182,"1.57","100","0"
56,"5",2,56.9254545454545,56.4276545454545,"1.31","100","0"
56,"5",3,50.3636363636364,49.6363636363636,"1","100","0"
56,"5",4,45.2727272727273,45.4236363636364,"0.83","100","0"
56,"5",5,39.2727272727273,38.8654545454545,"0.64","100","0"
56,"5",6,36.1818181818182,36.3763636363636,"0.57","100","0"
56,"5",7,36.3636363636364,31.8181818181818,"0.5","100","0"
56,"5",8,34.9090909090909,27.9890909090909,"0.43","100","0"
56,"5",9,26.9090909090909,26.3127272727273,"0.36","100","0"
56,"6",1,28.8109090909091,30.7668727272727,"1.57","0","76"
56,"6",2,32.8181818181818,33.0081818181818,"1.31","0","76"
56,"6",3,33.0945454545455,42.9054545454545,"1","0","76"
56,"6",4,45.3669222343921,38.3454545454545,"0.83","0","76"
56,"6",5,51.4943181818182,43.0436363636364,"0.64","0","76"
56,"6",6,51.7575757575758,46.4981818181818,"0.57","0","76"
56,"6",7,62.0436363636364,44.9781818181818,"0.5","0","76"
56,"6",8,63.7885835095137,48.5709090909091,"0.43","0","76"
56,"6",9,66.979797979798,51.8872727272727,"0.36","0","76"
56,"7",1,58.2327272727273,65.5746181818182,"1.57","100","0"
56,"7",2,48.5890909090909,67.3482909090909,"1.31","100","0"
56,"7",3,47.0909090909091,52.9090909090909,"1","100","0"
56,"7",4,48.1818181818182,43.0090909090909,"0.83","100","0"
56,"7",5,45.4545454545455,34.9090909090909,"0.64","100","0"
56,"7",6,42.1818181818182,32.9563636363636,"0.57","100","0"
56,"7",7,45.4545454545455,27.2727272727273,"0.5","100","0"
56,"7",8,39.2727272727273,26.1127272727273,"0.43","100","0"
56,"7",9,34.9090909090909,23.4327272727273,"0.36","100","0"
56,"8",1,22.3854545454545,40.8548363636364,"1.57","0","76"
56,"8",2,26.8072727272727,49.1927272727273,"1","0","76"
56,"8",3,62.8295454545455,35.7890909090909,"0.64","0","76"
56,"8",4,54.2857142857143,38,"0.7","0","76"
56,"8",5,45.6166484118291,38.1381818181818,"0.83","0","76"
56,"8",6,45.0255362614913,35.9272727272727,"0.89","0","76"
56,"8",7,45.7176015473888,33.0254545454546,"0.94","0","76"
56,"8",8,43.8036363636364,32.1963636363636,"1","0","76"
56,"8",9,41.1781818181818,32.3511272727273,"1.06","0","76"
56,"9",1,49.9545454545455,78.5713636363636,"1.57","100","0"
56,"9",2,42.9090909090909,57.0909090909091,"1","100","0"
56,"9",3,44.9090909090909,35.2581818181818,"0.64","100","0"
56,"9",4,52.1818181818182,33.4727272727273,"0.7","100","0"
56,"9",5,50.5454545454545,41.0472727272727,"0.83","100","0"
56,"9",6,54.5454545454545,40.4545454545455,"0.89","100","0"
56,"9",7,54,43.24,"0.94","100","0"
56,"9",8,58.3636363636364,41.6363636363636,"1","100","0"
56,"9",9,56.6618181818182,45.9384727272727,"1.06","100","0"
6,"1",1,51.2654545454545,51.6586181818182,"1.06","100","0"
6,"10",1,21.8327272727273,52.8573090909091,"1.06","0","76"
6,"11",1,26.5,77.91,"1.06","100","0"
6,"12",1,24.1127272727273,50.4405090909091,"1.06","0","76"
6,"13",1,33.1490909090909,70.8619636363636,"1.06","100","0"
6,"14",1,24.7345454545455,49.7813818181818,"1.06","0","76"
6,"15",1,32.7636363636364,71.2705454545455,"1.06","100","0"
6,"16",1,0,76,"1.06","0","76"
6,"17",1,34.8836363636364,69.0233454545455,"1.06","100","0"
6,"18",1,14.0945454545455,61.0597818181818,"1.06","0","76"
6,"19",1,18.5018181818182,86.3880727272727,"1.06","100","0"
6,"2",1,34.2,39.748,"1.06","0","76"
6,"20",1,3.45454545454545,72.3381818181818,"1.06","0","76"
6,"3",1,43.3636363636364,60.0345454545455,"1.06","100","0"
6,"4",1,32.8872727272727,41.1394909090909,"1.06","0","76"
6,"5",1,42.7854545454545,60.6474181818182,"1.06","100","0"
6,"6",1,29.0872727272727,45.1674909090909,"1.06","0","76"
6,"7",1,37.9672727272727,65.7546909090909,"1.06","100","0"
6,"8",1,22.5236363636364,52.1249454545455,"1.06","0","76"
6,"9",1,36.2327272727273,67.5933090909091,"1.06","100","0"
7,"1",1,26.3636363636364,26.5090909090909,"0.36","100","0"
7,"10",1,103.636363636364,38.6909090909091,"0.36","0","76"
7,"11",1,54.0909090909091,16.5272727272727,"0.36","100","0"
7,"12",1,109.20202020202,36.6872727272727,"0.36","0","76"
7,"13",1,51.4545454545455,17.4763636363636,"0.36","100","0"
7,"14",1,112.848484848485,35.3745454545455,"0.36","0","76"
7,"15",1,60.7272727272727,14.1381818181818,"0.36","100","0"
7,"16",1,139.525252525253,25.7709090909091,"0.36","0","76"
7,"17",1,81.8181818181818,6.54545454545454,"0.36","100","0"
7,"18",1,182.323232323232,10.3636363636364,"0.36","0","76"
7,"19",1,100,0,"0.36","100","0"
7,"2",1,57.7676767676768,55.2036363636364,"0.36","0","76"
7,"20",1,211.111111111111,0,"0.36","0","76"
7,"3",1,26.1818181818182,26.5745454545455,"0.36","100","0"
7,"4",1,61.4141414141414,53.8909090909091,"0.36","0","76"
7,"5",1,27.2727272727273,26.1818181818182,"0.36","100","0"
7,"6",1,68.8989898989899,51.1963636363636,"0.36","0","76"
7,"7",1,39.8181818181818,21.6654545454545,"0.36","100","0"
7,"8",1,81.7575757575758,46.5672727272727,"0.36","0","76"
7,"9",1,44.7272727272727,19.8981818181818,"0.36","100","0"
8,"1",1,56.6872727272727,56.7396727272727,"1.31","100","0"
8,"10",1,19.0690909090909,51.0194909090909,"1.31","0","76"
8,"11",1,34.6554545454545,85.6013545454546,"1.31","100","0"
8,"12",1,16.0981818181818,54.9113818181818,"1.31","0","76"
8,"13",1,30.7254545454545,90.7496545454546,"1.31","100","0"
8,"14",1,10.9163636363636,61.6995636363636,"1.31","0","76"
8,"15",1,25.7236363636364,97.3020363636364,"1.31","100","0"
8,"16",1,13.8872727272727,57.8076727272727,"1.31","0","76"
8,"17",1,13.1,113.839,"1.31","100","0"
8,"18",1,8.70545454545455,64.5958545454545,"1.31","0","76"
8,"19",1,8.09818181818182,120.391381818182,"1.31","100","0"
8,"2",1,32.5418181818182,33.3702181818182,"1.31","0","76"
8,"20",1,1.65818181818182,73.8277818181818,"1.31","0","76"
8,"3",1,52.6381818181818,62.0439818181818,"1.31","100","0"
8,"4",1,30.4,36.176,"1.31","0","76"
8,"5",1,49.78,65.7882,"1.31","100","0"
8,"6",1,28.2581818181818,38.9817818181818,"1.31","0","76"
8,"7",1,44.7781818181818,72.3405818181818,"1.31","100","0"
8,"8",1,26.6690909090909,41.0634909090909,"1.31","0","76"
8,"9",1,38.5854545454545,80.4530545454545,"1.31","100","0"
9,"1",1,39.0909090909091,38.9818181818182,"0.64","100","0"
9,"10",1,65.4204545454545,34.1309090909091,"0.64","0","76"
9,"11",1,65,22.4,"0.64","100","0"
9,"12",1,66.3920454545455,33.5090909090909,"0.64","0","76"
9,"13",1,64.5454545454545,22.6909090909091,"0.64","100","0"
9,"14",1,78.375,25.84,"0.64","0","76"
9,"15",1,61.6363636363636,24.5527272727273,"0.64","100","0"
9,"16",1,88.4147727272727,19.4145454545455,"0.64","0","76"
9,"17",1,79.6363636363636,13.0327272727273,"0.64","100","0"
9,"18",1,102.125,10.64,"0.64","0","76"
9,"19",1,88.5454545454545,7.33090909090909,"0.64","100","0"
9,"2",1,45.4488636363636,46.9127272727273,"0.64","0","76"
9,"20",1,117.886363636364,0.552727272727282,"0.64","0","76"
9,"3",1,36.3636363636364,40.7272727272727,"0.64","100","0"
9,"4",1,41.2386363636364,49.6072727272727,"0.64","0","76"
9,"5",1,36.3636363636364,40.7272727272727,"0.64","100","0"
9,"6",1,48.9034090909091,44.7018181818182,"0.64","0","76"
9,"7",1,43.8181818181818,35.9563636363636,"0.64","100","0"
9,"8",1,52.0340909090909,42.6981818181818,"0.64","0","76"
9,"9",1,49.8181818181818,32.1163636363636,"0.64","100","0"
