"","Period","Sender","group_id","rp.round_started.round","datetime","Time","ClientTime","Key","rp.round_started.price","rp.round_started.endowment.y","rp.round_started.endowment.x","rp.confirm.y","rp.confirm.x","rp.confirm.round"
"1",56,1,1,1,"2016-04-15 15:48:35.739",1460760515739089408,1460760515402,"rp.round_started",1.57,0,100,NA,NA,NA
"2",56,1,1,NA,"2016-04-15 15:48:59.585",1460760539585404160,1460760539247,"rp.confirm",NA,NA,NA,60.6448181818182,61.3727272727273,1
"3",56,1,1,2,"2016-04-15 15:50:13.232",1460760613231634688,1460760612891,"rp.round_started",1.31,0,100,NA,NA,NA
"4",56,1,1,NA,"2016-04-15 15:50:37.522",1460760637521558016,1460760637180,"rp.confirm",NA,NA,NA,54.2435272727273,58.5927272727273,2
"5",56,1,1,3,"2016-04-15 15:51:57.093",1460760717093218304,1460760716780,"rp.round_started",1,0,100,NA,NA,NA
"6",56,1,1,NA,"2016-04-15 15:52:10.866",1460760730865686016,1460760730552,"rp.confirm",NA,NA,NA,46.9090909090909,53.0909090909091,3
"7",56,1,1,4,"2016-04-15 15:53:35.139",1460760815138968064,1460760814815,"rp.round_started",0.83,0,100,NA,NA,NA
"8",56,1,1,NA,"2016-04-15 15:54:06.521",1460760846520536832,1460760846195,"rp.confirm",NA,NA,NA,45.5745454545455,45.0909090909091,4
"9",56,1,1,5,"2016-04-15 15:55:57.724",1460760957723514368,1460760957394,"rp.round_started",0.64,0,100,NA,NA,NA
"10",56,1,1,NA,"2016-04-15 15:56:10.937",1460760970936919552,1460760970607,"rp.confirm",NA,NA,NA,39.0981818181818,38.9090909090909,5
"11",56,1,1,6,"2016-04-15 15:57:50.706",1460761070705991424,1460761070373,"rp.round_started",0.57,0,100,NA,NA,NA
"12",56,1,1,NA,"2016-04-15 15:58:02.017",1460761082016975104,1460761081683,"rp.confirm",NA,NA,NA,36.3763636363636,36.1818181818182,6
"13",56,1,1,7,"2016-04-15 15:59:37.636",1460761177636291072,1460761177268,"rp.round_started",0.5,0,100,NA,NA,NA
"14",56,1,1,NA,"2016-04-15 15:59:50.137",1460761190137319936,1460761189769,"rp.confirm",NA,NA,NA,33.4545454545455,33.0909090909091,7
"15",56,1,1,8,"2016-04-15 16:01:48.544",1460761308543713792,1460761308171,"rp.round_started",0.43,0,100,NA,NA,NA
"16",56,1,1,NA,"2016-04-15 16:02:05.106",1460761325105948672,1460761324733,"rp.confirm",NA,NA,NA,30.4127272727273,29.2727272727273,8
"17",56,1,1,9,"2016-04-15 16:03:44.105",1460761424105358080,1460761423729,"rp.round_started",0.36,0,100,NA,NA,NA
"18",56,1,1,NA,"2016-04-15 16:04:20.138",1460761460138351872,1460761459760,"rp.confirm",NA,NA,NA,26.64,26,9
"19",56,1,1,10,"2016-04-15 16:05:55.116",1460761555116156672,1460761554735,"rp.round_started",0.367495518141204,0,100,NA,NA,NA
"20",56,3,1,1,"2016-04-15 15:48:35.780",1460760515779577088,1460760512125,"rp.round_started",1.57,0,100,NA,NA,NA
"21",56,3,1,NA,"2016-04-15 15:49:32.977",1460760572976570880,1460760569321,"rp.confirm",NA,NA,NA,83.2770818181818,46.9572727272727,1
"22",56,3,1,2,"2016-04-15 15:50:13.278",1460760613277878016,1460760609621,"rp.round_started",1,0,100,NA,NA,NA
"23",56,3,1,NA,"2016-04-15 15:51:12.832",1460760672832319232,1460760669175,"rp.confirm",NA,NA,NA,61.9090909090909,38.0909090909091,2
"24",56,3,1,3,"2016-04-15 15:51:56.975",1460760716974674944,1460760713316,"rp.round_started",0.64,0,100,NA,NA,NA
"25",56,3,1,NA,"2016-04-15 15:52:43.200",1460760763199938048,1460760759541,"rp.confirm",NA,NA,NA,41.6,35,3
"26",56,3,1,4,"2016-04-15 15:53:35.146",1460760815146025984,1460760811478,"rp.round_started",0.7,0,100,NA,NA,NA
"27",56,3,1,NA,"2016-04-15 15:55:15.630",1460760915630190592,1460760911962,"rp.confirm",NA,NA,NA,29.9727272727273,57.1818181818182,4
"28",56,3,1,5,"2016-04-15 15:55:57.641",1460760957640798720,1460760953972,"rp.round_started",0.83,0,100,NA,NA,NA
"29",56,3,1,NA,"2016-04-15 15:57:09.094",1460761029093589760,1460761025424,"rp.confirm",NA,NA,NA,35.2372727272727,57.5454545454545,5
"30",56,3,1,6,"2016-04-15 15:57:50.624",1460761070624236288,1460761066954,"rp.round_started",0.89,0,100,NA,NA,NA
"31",56,3,1,NA,"2016-04-15 15:59:00.773",1460761140773432576,1460761137102,"rp.confirm",NA,NA,NA,41.3445454545455,53.5454545454545,6
"32",56,3,1,7,"2016-04-15 15:59:37.677",1460761177677097728,1460761174005,"rp.round_started",0.94,0,100,NA,NA,NA
"33",56,3,1,NA,"2016-04-15 16:01:04.119",1460761264118886912,1460761260444,"rp.confirm",NA,NA,NA,37.5145454545454,60.0909090909091,7
"34",56,3,1,8,"2016-04-15 16:01:48.504",1460761308503531520,1460761304828,"rp.round_started",1,0,100,NA,NA,NA
"35",56,3,1,NA,"2016-04-15 16:03:00.238",1460761380238304000,1460761376561,"rp.confirm",NA,NA,NA,40.6363636363636,59.3636363636364,8
"36",56,3,1,9,"2016-04-15 16:03:44.022",1460761424022386176,1460761420346,"rp.round_started",1.06,0,100,NA,NA,NA
"37",56,3,1,NA,"2016-04-15 16:05:11.108",1460761511108445440,1460761507431,"rp.confirm",NA,NA,NA,47.4706545454546,55.2163636363636,9
"38",56,3,1,10,"2016-04-15 16:05:55.033",1460761555032954112,1460761551355,"rp.round_started",1.09072291115709,0,100,NA,NA,NA
"39",56,5,1,1,"2016-04-15 15:48:35.825",1460760515825086208,1460760515453,"rp.round_started",1.57,0,100,NA,NA,NA
"40",56,5,1,NA,"2016-04-15 15:49:43.241",1460760583241133056,1460760582867,"rp.confirm",NA,NA,NA,84.8456545454546,45.9581818181818,1
"41",56,5,1,2,"2016-04-15 15:50:13.249",1460760613248524032,1460760612874,"rp.round_started",1,0,100,NA,NA,NA
"42",56,5,1,NA,"2016-04-15 15:51:21.353",1460760681353392384,1460760680977,"rp.confirm",NA,NA,NA,66.9090909090909,33.0909090909091,2
"43",56,5,1,3,"2016-04-15 15:51:57.073",1460760717072890368,1460760716696,"rp.round_started",0.64,0,100,NA,NA,NA
"44",56,5,1,NA,"2016-04-15 15:53:03.562",1460760783561948160,1460760783184,"rp.confirm",NA,NA,NA,27.6945454545455,56.7272727272727,3
"45",56,5,1,4,"2016-04-15 15:53:35.134",1460760815134097664,1460760814755,"rp.round_started",0.7,0,100,NA,NA,NA
"46",56,5,1,NA,"2016-04-15 15:55:25.001",1460760925001481472,1460760924620,"rp.confirm",NA,NA,NA,22.0181818181818,68.5454545454545,4
"47",56,5,1,5,"2016-04-15 15:55:57.721",1460760957720775936,1460760957339,"rp.round_started",0.83,0,100,NA,NA,NA
"48",56,5,1,NA,"2016-04-15 15:57:21.330",1460761041330226944,1460761040947,"rp.confirm",NA,NA,NA,32.4454545454545,60.9090909090909,5
"49",56,5,1,6,"2016-04-15 15:57:50.704",1460761070703643648,1460761070319,"rp.round_started",0.89,0,100,NA,NA,NA
"50",56,5,1,NA,"2016-04-15 15:59:10.282",1460761150282020352,1460761149896,"rp.confirm",NA,NA,NA,35.9236363636364,59.6363636363636,6
"51",56,5,1,7,"2016-04-15 15:59:37.637",1460761177637177600,1460761177251,"rp.round_started",0.94,0,100,NA,NA,NA
"52",56,5,1,NA,"2016-04-15 16:01:14.515",1460761274514807296,1460761274126,"rp.confirm",NA,NA,NA,31.7890909090909,66.1818181818182,7
"53",56,5,1,8,"2016-04-15 16:01:48.534",1460761308534342400,1460761308145,"rp.round_started",1,0,100,NA,NA,NA
"54",56,5,1,NA,"2016-04-15 16:03:09.883",1460761389883034112,1460761389492,"rp.confirm",NA,NA,NA,35.8181818181818,64.1818181818182,8
"55",56,5,1,9,"2016-04-15 16:03:44.111",1460761424110729216,1460761423717,"rp.round_started",1.06,0,100,NA,NA,NA
"56",56,5,1,NA,"2016-04-15 16:05:22.811",1460761522811090688,1460761522417,"rp.confirm",NA,NA,NA,35.9282181818182,66.1054545454545,9
"57",56,5,1,10,"2016-04-15 16:05:55.034",1460761555034412032,1460761554640,"rp.round_started",1.09072291115709,0,100,NA,NA,NA
"58",56,7,1,1,"2016-04-15 15:48:35.846",1460760515845636864,1460760515474,"rp.round_started",1.57,0,100,NA,NA,NA
"59",56,7,1,NA,"2016-04-15 15:49:51.730",1460760591729764096,1460760591357,"rp.confirm",NA,NA,NA,100.083218181818,36.2527272727273,1
"60",56,7,1,2,"2016-04-15 15:50:13.277",1460760613276925440,1460760612904,"rp.round_started",1,0,100,NA,NA,NA
"61",56,7,1,NA,"2016-04-15 15:51:32.329",1460760692329495808,1460760691986,"rp.confirm",NA,NA,NA,65.2727272727273,34.7272727272727,2
"62",56,7,1,3,"2016-04-15 15:51:57.080",1460760717080151552,1460760716737,"rp.round_started",0.64,0,100,NA,NA,NA
"63",56,7,1,NA,"2016-04-15 15:53:12.056",1460760792056213760,1460760791712,"rp.confirm",NA,NA,NA,19.8981818181818,68.9090909090909,3
"64",56,7,1,4,"2016-04-15 15:53:35.161",1460760815161130752,1460760814816,"rp.round_started",0.7,0,100,NA,NA,NA
"65",56,7,1,NA,"2016-04-15 15:55:32.377",1460760932376807936,1460760932028,"rp.confirm",NA,NA,NA,20.6181818181818,70.5454545454545,4
"66",56,7,1,5,"2016-04-15 15:55:57.749",1460760957749344000,1460760957401,"rp.round_started",0.83,0,100,NA,NA,NA
"67",56,7,1,NA,"2016-04-15 15:57:30.232",1460761050232342784,1460761049882,"rp.confirm",NA,NA,NA,27.7672727272727,66.5454545454545,5
"68",56,7,1,6,"2016-04-15 15:57:50.732",1460761070732421632,1460761070382,"rp.round_started",0.89,0,100,NA,NA,NA
"69",56,7,1,NA,"2016-04-15 15:59:17.881",1460761157880541440,1460761157528,"rp.confirm",NA,NA,NA,24.4345454545455,72.5454545454545,6
"70",56,7,1,7,"2016-04-15 15:59:37.703",1460761177702895104,1460761177350,"rp.round_started",0.94,0,100,NA,NA,NA
"71",56,7,1,NA,"2016-04-15 16:01:22.854",1460761282854235904,1460761282532,"rp.confirm",NA,NA,NA,29.5672727272727,68.5454545454545,7
"72",56,7,1,8,"2016-04-15 16:01:48.525",1460761308525265408,1460761308203,"rp.round_started",1,0,100,NA,NA,NA
"73",56,7,1,NA,"2016-04-15 16:03:17.526",1460761397525699328,1460761397202,"rp.confirm",NA,NA,NA,35.8181818181818,64.1818181818182,8
"74",56,7,1,9,"2016-04-15 16:03:44.127",1460761424126679552,1460761423803,"rp.round_started",1.06,0,100,NA,NA,NA
"75",56,7,1,NA,"2016-04-15 16:05:30.532",1460761530532388608,1460761530207,"rp.confirm",NA,NA,NA,34.2938909090909,67.6472727272727,9
"76",56,7,1,10,"2016-04-15 16:05:55.136",1460761555135894784,1460761554810,"rp.round_started",1.09072291115709,0,100,NA,NA,NA
"77",56,9,1,1,"2016-04-15 15:48:35.799",1460760515799389696,1460760515400,"rp.round_started",1.57,0,100,NA,NA,NA
"78",56,9,1,NA,"2016-04-15 15:49:58.653",1460760598653276160,1460760598251,"rp.confirm",NA,NA,NA,114.872618181818,26.8327272727273,1
"79",56,9,1,2,"2016-04-15 15:50:13.244",1460760613243578368,1460760612841,"rp.round_started",1,0,100,NA,NA,NA
"80",56,9,1,NA,"2016-04-15 15:51:40.830",1460760700829821184,1460760700423,"rp.confirm",NA,NA,NA,74.5454545454545,25.4545454545455,2
"81",56,9,1,3,"2016-04-15 15:51:57.048",1460760717048430080,1460760716642,"rp.round_started",0.64,0,100,NA,NA,NA
"82",56,9,1,NA,"2016-04-15 15:53:20.765",1460760800764502272,1460760800379,"rp.confirm",NA,NA,NA,21.8763636363636,65.8181818181818,3
"83",56,9,1,4,"2016-04-15 15:53:35.173",1460760815173240576,1460760814788,"rp.round_started",0.7,0,100,NA,NA,NA
"84",56,9,1,NA,"2016-04-15 15:55:39.948",1460760939948059136,1460760939558,"rp.confirm",NA,NA,NA,8.01818181818182,88.5454545454545,4
"85",56,9,1,5,"2016-04-15 15:55:57.728",1460760957728265984,1460760957338,"rp.round_started",0.83,0,100,NA,NA,NA
"86",56,9,1,NA,"2016-04-15 15:57:37.580",1460761057580012544,1460761057186,"rp.confirm",NA,NA,NA,17.3545454545455,79.0909090909091,5
"87",56,9,1,6,"2016-04-15 15:57:50.712",1460761070711672832,1460761070317,"rp.round_started",0.89,0,100,NA,NA,NA
"88",56,9,1,NA,"2016-04-15 15:59:24.908",1460761164907869952,1460761164510,"rp.confirm",NA,NA,NA,26.7,70,6
"89",56,9,1,7,"2016-04-15 15:59:37.642",1460761177642332672,1460761177244,"rp.round_started",0.94,0,100,NA,NA,NA
"90",56,9,1,NA,"2016-04-15 16:01:33.229",1460761293229225984,1460761292857,"rp.confirm",NA,NA,NA,20.3381818181818,78.3636363636364,7
"91",56,9,1,8,"2016-04-15 16:01:48.568",1460761308567835136,1460761308195,"rp.round_started",1,0,100,NA,NA,NA
"92",56,9,1,NA,"2016-04-15 16:03:27.276",1460761407276246272,1460761406902,"rp.confirm",NA,NA,NA,16.5454545454545,83.4545454545455,8
"93",56,9,1,9,"2016-04-15 16:03:44.163",1460761424163463680,1460761423789,"rp.round_started",1.06,0,100,NA,NA,NA
"94",56,9,1,NA,"2016-04-15 16:05:40.340",1460761540339547904,1460761539961,"rp.confirm",NA,NA,NA,27.348,74.2,9
"95",56,9,1,10,"2016-04-15 16:05:55.119",1460761555119053824,1460761554740,"rp.round_started",1.09072291115709,0,100,NA,NA,NA
"96",56,11,1,1,"2016-04-15 15:48:35.817",1460760515816711680,1460760515414,"rp.round_started",1.57,0,100,NA,NA,NA
"97",56,11,1,NA,"2016-04-15 15:50:04.747",1460760604746538240,1460760604342,"rp.confirm",NA,NA,NA,114.424454545455,27.1181818181818,1
"98",56,11,1,2,"2016-04-15 15:50:13.252",1.460760613252e+18,1460760612847,"rp.round_started",1.31,0,100,NA,NA,NA
"99",56,11,1,NA,"2016-04-15 15:51:46.971",1460760706970696192,1460760706564,"rp.confirm",NA,NA,NA,103.854418181818,20.7218181818182,2
"100",56,11,1,3,"2016-04-15 15:51:57.115",1460760717115389952,1460760716708,"rp.round_started",1,0,100,NA,NA,NA
"101",56,11,1,NA,"2016-04-15 15:53:27.709",1460760807709438208,1460760807325,"rp.confirm",NA,NA,NA,12.7272727272727,87.2727272727273,3
"102",56,11,1,4,"2016-04-15 15:53:35.163",1460760815163143168,1460760814778,"rp.round_started",0.83,0,100,NA,NA,NA
"103",56,11,1,NA,"2016-04-15 15:55:47.786",1460760947785569280,1460760947397,"rp.confirm",NA,NA,NA,7.24363636363637,91.2727272727273,4
"104",56,11,1,5,"2016-04-15 15:55:57.747",1460760957746515712,1460760957358,"rp.round_started",0.64,0,100,NA,NA,NA
"105",56,11,1,NA,"2016-04-15 15:57:43.018",1460761063017809408,1460761062627,"rp.confirm",NA,NA,NA,9.19272727272728,85.6363636363636,5
"106",56,11,1,6,"2016-04-15 15:57:50.730",1460761070730127872,1460761070339,"rp.round_started",0.57,0,100,NA,NA,NA
"107",56,11,1,NA,"2016-04-15 15:59:30.066",1460761170065745152,1460761169672,"rp.confirm",NA,NA,NA,15.8563636363636,72.1818181818182,6
"108",56,11,1,7,"2016-04-15 15:59:37.659",1460761177659265536,1460761177266,"rp.round_started",0.5,0,100,NA,NA,NA
"109",56,11,1,NA,"2016-04-15 16:01:39.338",1460761299338447104,1460761298942,"rp.confirm",NA,NA,NA,12.6363636363636,74.7272727272727,7
"110",56,11,1,8,"2016-04-15 16:01:48.558",1460761308557941760,1460761308161,"rp.round_started",0.43,0,100,NA,NA,NA
"111",56,11,1,NA,"2016-04-15 16:03:33.436",1460761413436083712,1460761413068,"rp.confirm",NA,NA,NA,0,100,8
"112",56,11,1,9,"2016-04-15 16:03:44.145",1460761424144581632,1460761423777,"rp.round_started",0.36,0,100,NA,NA,NA
"113",56,11,1,NA,"2016-04-15 16:05:47.139",1460761547138672896,1460761546768,"rp.confirm",NA,NA,NA,3.79636363636364,89.4545454545455,9
"114",56,11,1,10,"2016-04-15 16:05:55.141",1460761555141021184,1460761554770,"rp.round_started",0.367495518141204,0,100,NA,NA,NA
"115",56,13,1,1,"2016-04-15 15:48:35.844",1460760515843669248,1460760515424,"rp.round_started",1.57,76,0,NA,NA,NA
"116",56,13,1,NA,"2016-04-15 15:50:08.103",1460760608103393280,1460760607681,"rp.confirm",NA,NA,NA,64.7188363636364,7.18545454545455,1
"117",56,13,1,2,"2016-04-15 15:50:13.246",1460760613246166784,1460760612824,"rp.round_started",1.31,76,0,NA,NA,NA
"118",56,13,1,NA,"2016-04-15 15:51:53.608",1460760713607713536,1460760713183,"rp.confirm",NA,NA,NA,66.2250181818182,7.46181818181818,2
"119",56,13,1,3,"2016-04-15 15:51:57.092",1460760717091647744,1460760716667,"rp.round_started",1,76,0,NA,NA,NA
"120",56,13,1,NA,"2016-04-15 15:53:30.368",1460760810367889408,1460760809940,"rp.confirm",NA,NA,NA,3.31636363636363,72.6836363636364,3
"121",56,13,1,4,"2016-04-15 15:53:35.160",1460760815160276224,1460760814732,"rp.round_started",0.83,76,0,NA,NA,NA
"122",56,13,1,NA,"2016-04-15 15:55:52.184",1460760952184100352,1460760951752,"rp.confirm",NA,NA,NA,0,91.566265060241,4
"123",56,13,1,5,"2016-04-15 15:55:57.742",1460760957741863424,1460760957310,"rp.round_started",0.64,76,0,NA,NA,NA
"124",56,13,1,NA,"2016-04-15 15:57:45.800",1460761065800160512,1460761065365,"rp.confirm",NA,NA,NA,5.11272727272727,110.761363636364,5
"125",56,13,1,6,"2016-04-15 15:57:50.727",1460761070727051264,1460761070292,"rp.round_started",0.57,76,0,NA,NA,NA
"126",56,13,1,NA,"2016-04-15 15:59:33.001",1460761173000541952,1460761172563,"rp.confirm",NA,NA,NA,24.32,90.6666666666667,6
"127",56,13,1,7,"2016-04-15 15:59:37.655",1460761177654968064,1460761177217,"rp.round_started",0.5,76,0,NA,NA,NA
"128",56,13,1,NA,"2016-04-15 16:01:44.760",1460761304759968000,1460761304290,"rp.confirm",NA,NA,NA,2.90181818181819,146.196363636364,7
"129",56,13,1,8,"2016-04-15 16:01:48.563",1460761308562909952,1460761308093,"rp.round_started",0.43,76,0,NA,NA,NA
"130",56,13,1,NA,"2016-04-15 16:03:37.696",1460761417695900416,1460761417222,"rp.confirm",NA,NA,NA,0.414545454545461,175.780126849894,8
"131",56,13,1,9,"2016-04-15 16:03:44.111",1460761424111482368,1460761423638,"rp.round_started",0.36,76,0,NA,NA,NA
"132",56,13,1,NA,"2016-04-15 16:05:49.601",1460761549600677120,1460761549123,"rp.confirm",NA,NA,NA,0.276363636363641,210.343434343434,9
"133",56,13,1,10,"2016-04-15 16:05:55.127",1460761555126811392,1460761554649,"rp.round_started",0.367495518141204,76,0,NA,NA,NA
"134",56,15,1,1,"2016-04-15 15:48:35.728",1460760515728116480,1460760515343,"rp.round_started",1.57,76,0,NA,NA,NA
"135",56,15,1,NA,"2016-04-15 15:49:11.390",1460760551389819904,1460760551004,"rp.confirm",NA,NA,NA,27.4042181818182,30.9527272727273,1
"136",56,15,1,2,"2016-04-15 15:50:13.296",1460760613296448512,1460760612940,"rp.round_started",1.31,76,0,NA,NA,NA
"137",56,15,1,NA,"2016-04-15 15:50:49.550",1460760649549886208,1460760649193,"rp.confirm",NA,NA,NA,31.6505454545455,33.8545454545455,2
"138",56,15,1,3,"2016-04-15 15:51:56.972",1460760716971731456,1460760716613,"rp.round_started",1,76,0,NA,NA,NA
"139",56,15,1,NA,"2016-04-15 15:52:22.326",1460760742325596928,1460760741966,"rp.confirm",NA,NA,NA,37.7236363636364,38.2763636363636,3
"140",56,15,1,4,"2016-04-15 15:53:35.155",1460760815155477504,1460760814784,"rp.round_started",0.83,76,0,NA,NA,NA
"141",56,15,1,NA,"2016-04-15 15:54:27.127",1460760867126571520,1460760866754,"rp.confirm",NA,NA,NA,41.4545454545455,41.6210295728368,4
"142",56,15,1,5,"2016-04-15 15:55:57.737",1460760957737411840,1460760957362,"rp.round_started",0.64,76,0,NA,NA,NA
"143",56,15,1,NA,"2016-04-15 15:56:34.703",1460760994702665728,1460760994327,"rp.confirm",NA,NA,NA,46.0145454545455,46.8522727272727,5
"144",56,15,1,6,"2016-04-15 15:57:50.721",1460761070720943616,1460761070374,"rp.round_started",0.57,76,0,NA,NA,NA
"145",56,15,1,NA,"2016-04-15 15:58:20.094",1460761100094426368,1460761099747,"rp.confirm",NA,NA,NA,48.2254545454545,48.7272727272727,6
"146",56,15,1,7,"2016-04-15 15:59:37.722",1460761177721521408,1460761177372,"rp.round_started",0.5,76,0,NA,NA,NA
"147",56,15,1,NA,"2016-04-15 16:00:19.688",1460761219688311808,1460761219336,"rp.confirm",NA,NA,NA,50.9890909090909,50.0218181818182,7
"148",56,15,1,8,"2016-04-15 16:01:48.525",1460761308524902912,1460761308170,"rp.round_started",0.43,76,0,NA,NA,NA
"149",56,15,1,NA,"2016-04-15 16:02:36.224",1460761356223869440,1460761355868,"rp.confirm",NA,NA,NA,53.3381818181818,52.7019027484144,8
"150",56,15,1,9,"2016-04-15 16:03:44.118",1460761424118348288,1460761423762,"rp.round_started",0.36,76,0,NA,NA,NA
"151",56,15,1,NA,"2016-04-15 16:04:38.854",1460761478854487040,1460761478496,"rp.confirm",NA,NA,NA,55.9636363636364,55.6565656565657,9
"152",56,15,1,10,"2016-04-15 16:05:55.138",1460761555137722624,1460761554808,"rp.round_started",0.367495518141204,76,0,NA,NA,NA
"153",56,17,1,1,"2016-04-15 15:48:35.740",1460760515739658496,1460760515364,"rp.round_started",1.57,76,0,NA,NA,NA
"154",56,17,1,NA,"2016-04-15 15:49:17.595",1460760557595215360,1460760557218,"rp.confirm",NA,NA,NA,30.7668727272727,28.8109090909091,1
"155",56,17,1,2,"2016-04-15 15:50:13.248",1460760613247919360,1460760612901,"rp.round_started",1.31,76,0,NA,NA,NA
"156",56,17,1,NA,"2016-04-15 15:50:56.523",1460760656523164928,1460760656175,"rp.confirm",NA,NA,NA,33.0081818181818,32.8181818181818,2
"157",56,17,1,3,"2016-04-15 15:51:57.048",1460760717047829248,1460760716699,"rp.round_started",1,76,0,NA,NA,NA
"158",56,17,1,NA,"2016-04-15 15:52:28.491",1460760748490884864,1460760748141,"rp.confirm",NA,NA,NA,42.9054545454545,33.0945454545455,3
"159",56,17,1,4,"2016-04-15 15:53:35.136",1460760815136361984,1460760814779,"rp.round_started",0.83,76,0,NA,NA,NA
"160",56,17,1,NA,"2016-04-15 15:54:52.713",1460760892712969728,1460760892353,"rp.confirm",NA,NA,NA,38.3454545454545,45.3669222343921,4
"161",56,17,1,5,"2016-04-15 15:55:57.722",1460760957722356992,1460760957361,"rp.round_started",0.64,76,0,NA,NA,NA
"162",56,17,1,NA,"2016-04-15 15:56:48.177",1460761008176715008,1460761007814,"rp.confirm",NA,NA,NA,43.0436363636364,51.4943181818182,5
"163",56,17,1,6,"2016-04-15 15:57:50.705",1460761070705438976,1460761070342,"rp.round_started",0.57,76,0,NA,NA,NA
"164",56,17,1,NA,"2016-04-15 15:58:38.768",1460761118768201472,1460761118435,"rp.confirm",NA,NA,NA,46.4981818181818,51.7575757575758,6
"165",56,17,1,7,"2016-04-15 15:59:37.720",1460761177720372992,1460761177385,"rp.round_started",0.5,76,0,NA,NA,NA
"166",56,17,1,NA,"2016-04-15 16:00:32.314",1460761232314200832,1460761231977,"rp.confirm",NA,NA,NA,44.9781818181818,62.0436363636364,7
"167",56,17,1,8,"2016-04-15 16:01:48.507",1460761308506877696,1460761308168,"rp.round_started",0.43,76,0,NA,NA,NA
"168",56,17,1,NA,"2016-04-15 16:02:45.018",1460761365017543680,1460761364677,"rp.confirm",NA,NA,NA,48.5709090909091,63.7885835095137,8
"169",56,17,1,9,"2016-04-15 16:03:44.109",1460761424109029632,1460761423767,"rp.round_started",0.36,76,0,NA,NA,NA
"170",56,17,1,NA,"2016-04-15 16:04:50.568",1460761490567601920,1460761490225,"rp.confirm",NA,NA,NA,51.8872727272727,66.979797979798,9
"171",56,17,1,10,"2016-04-15 16:05:55.112",1460761555111977984,1460761554768,"rp.round_started",0.367495518141204,76,0,NA,NA,NA
"172",56,19,1,1,"2016-04-15 15:48:35.834",1460760515833962240,1460760515458,"rp.round_started",1.57,76,0,NA,NA,NA
"173",56,19,1,NA,"2016-04-15 15:50:12.898",1460760612898305280,1460760612519,"rp.confirm",NA,NA,NA,40.8548363636364,22.3854545454545,1
"174",56,19,1,2,"2016-04-15 15:50:13.290",1460760613289722624,1460760612911,"rp.round_started",1,76,0,NA,NA,NA
"175",56,19,1,NA,"2016-04-15 15:51:56.738",1460760716737931776,1460760716356,"rp.confirm",NA,NA,NA,49.1927272727273,26.8072727272727,2
"176",56,19,1,3,"2016-04-15 15:51:57.130",1460760717130428672,1460760716748,"rp.round_started",0.64,76,0,NA,NA,NA
"177",56,19,1,NA,"2016-04-15 15:53:34.810",1460760814810284032,1460760814425,"rp.confirm",NA,NA,NA,35.7890909090909,62.8295454545455,3
"178",56,19,1,4,"2016-04-15 15:53:35.205",1460760815204979456,1460760814820,"rp.round_started",0.7,76,0,NA,NA,NA
"179",56,19,1,NA,"2016-04-15 15:55:57.394",1460760957394248192,1460760957005,"rp.confirm",NA,NA,NA,38,54.2857142857143,4
"180",56,19,1,5,"2016-04-15 15:55:57.809",1460760957809282304,1460760957420,"rp.round_started",0.83,76,0,NA,NA,NA
"181",56,19,1,NA,"2016-04-15 15:57:50.378",1460761070378059008,1460761069985,"rp.confirm",NA,NA,NA,38.1381818181818,45.6166484118291,5
"182",56,19,1,6,"2016-04-15 15:57:50.784",1460761070784261888,1460761070391,"rp.round_started",0.89,76,0,NA,NA,NA
"183",56,19,1,NA,"2016-04-15 15:59:37.314",1460761177313768960,1460761176917,"rp.confirm",NA,NA,NA,35.9272727272727,45.0255362614913,6
"184",56,19,1,7,"2016-04-15 15:59:37.710",1460761177710268672,1460761177313,"rp.round_started",0.94,76,0,NA,NA,NA
"185",56,19,1,NA,"2016-04-15 16:01:48.171",1460761308170823424,1460761307801,"rp.confirm",NA,NA,NA,33.0254545454546,45.7176015473888,7
"186",56,19,1,8,"2016-04-15 16:01:48.590",1460761308589666560,1460761308220,"rp.round_started",1,76,0,NA,NA,NA
"187",56,19,1,NA,"2016-04-15 16:03:43.778",1460761423778290944,1460761423405,"rp.confirm",NA,NA,NA,32.1963636363636,43.8036363636364,8
"188",56,19,1,9,"2016-04-15 16:03:44.180",1460761424179965952,1460761423807,"rp.round_started",1.06,76,0,NA,NA,NA
"189",56,19,1,NA,"2016-04-15 16:05:54.787",1460761554786678016,1460761554409,"rp.confirm",NA,NA,NA,32.3511272727273,41.1781818181818,9
"190",56,19,1,10,"2016-04-15 16:05:55.202",1460761555202403328,1460761554825,"rp.round_started",1.09072291115709,76,0,NA,NA,NA
"191",56,2,2,1,"2016-04-15 15:48:35.809",1460760515809033472,1460760515397,"rp.round_started",1.57,76,0,NA,NA,NA
"192",56,2,2,NA,"2016-04-15 15:49:29.524",1460760569523649536,1460760569110,"rp.confirm",NA,NA,NA,36.0820363636364,25.4254545454545,1
"193",56,2,2,2,"2016-04-15 15:50:13.294",1460760613294144000,1460760612879,"rp.round_started",1.31,76,0,NA,NA,NA
"194",56,2,2,NA,"2016-04-15 15:51:09.083",1460760669083350784,1460760668667,"rp.confirm",NA,NA,NA,76,0,2
"195",56,2,2,3,"2016-04-15 15:51:57.053",1460760717053302272,1460760716635,"rp.round_started",1,76,0,NA,NA,NA
"196",56,2,2,NA,"2016-04-15 15:52:39.690",1460760759689924864,1460760759270,"rp.confirm",NA,NA,NA,48.9163636363636,27.0836363636364,3
"197",56,2,2,4,"2016-04-15 15:53:35.152",1460760815152201216,1460760814723,"rp.round_started",0.83,76,0,NA,NA,NA
"198",56,2,2,NA,"2016-04-15 15:55:07.996",1460760907995631616,1460760907562,"rp.confirm",NA,NA,NA,76,0,4
"199",56,2,2,5,"2016-04-15 15:55:57.738",1460760957737898240,1460760957304,"rp.round_started",0.64,76,0,NA,NA,NA
"200",56,2,2,NA,"2016-04-15 15:57:04.114",1460761024113688832,1460761023677,"rp.confirm",NA,NA,NA,38,59.375,5
"201",56,2,2,6,"2016-04-15 15:57:50.720",1460761070719757056,1460761070282,"rp.round_started",0.57,76,0,NA,NA,NA
"202",56,2,2,NA,"2016-04-15 15:58:57.145",1460761137145331200,1460761136705,"rp.confirm",NA,NA,NA,37.1709090909091,68.1212121212121,6
"203",56,2,2,7,"2016-04-15 15:59:37.648",1.460761177648e+18,1460761177206,"rp.round_started",0.5,76,0,NA,NA,NA
"204",56,2,2,NA,"2016-04-15 16:00:58.922",1460761258921803264,1460761258477,"rp.confirm",NA,NA,NA,34.2690909090909,83.4618181818182,7
"205",56,2,2,8,"2016-04-15 16:01:48.574",1460761308574380544,1460761308098,"rp.round_started",0.43,76,0,NA,NA,NA
"206",56,2,2,NA,"2016-04-15 16:02:56.898",1460761376897753344,1460761376419,"rp.confirm",NA,NA,NA,43.1127272727273,76.4820295983087,8
"207",56,2,2,9,"2016-04-15 16:03:44.129",1460761424128520448,1460761423647,"rp.round_started",0.36,76,0,NA,NA,NA
"208",56,2,2,NA,"2016-04-15 16:05:07.299",1460761507298828544,1460761506815,"rp.confirm",NA,NA,NA,33.7163636363636,117.454545454545,9
"209",56,2,2,10,"2016-04-15 16:05:55.130",1460761555129565696,1460761554645,"rp.round_started",0.367495518141204,76,0,NA,NA,NA
"210",56,4,2,1,"2016-04-15 15:48:35.820",1460760515820437248,1460760515489,"rp.round_started",1.57,76,0,NA,NA,NA
"211",56,4,2,NA,"2016-04-15 15:49:37.827",1460760577826793216,1460760577494,"rp.confirm",NA,NA,NA,38.7938545454545,23.6981818181818,1
"212",56,4,2,2,"2016-04-15 15:50:13.293",1460760613293088000,1460760612960,"rp.round_started",1,76,0,NA,NA,NA
"213",56,4,2,NA,"2016-04-15 15:51:16.602",1460760676602431232,1460760676267,"rp.confirm",NA,NA,NA,45.5309090909091,30.4690909090909,2
"214",56,4,2,3,"2016-04-15 15:51:57.064",1460760717063945984,1460760716728,"rp.round_started",0.64,76,0,NA,NA,NA
"215",56,4,2,NA,"2016-04-15 15:52:57.633",1460760777633458688,1460760777296,"rp.confirm",NA,NA,NA,27.9818181818182,75.0284090909091,3
"216",56,4,2,4,"2016-04-15 15:53:35.149",1460760815148982784,1460760814804,"rp.round_started",0.7,76,0,NA,NA,NA
"217",56,4,2,NA,"2016-04-15 15:55:19.680",1460760919680010496,1460760919364,"rp.confirm",NA,NA,NA,29.7781818181818,66.0311688311688,4
"218",56,4,2,5,"2016-04-15 15:55:57.734",1460760957733566464,1460760957417,"rp.round_started",0.83,76,0,NA,NA,NA
"219",56,4,2,NA,"2016-04-15 15:57:16.295",1460761036295311872,1460761035976,"rp.confirm",NA,NA,NA,31.7127272727273,53.3581599123768,5
"220",56,4,2,6,"2016-04-15 15:57:50.717",1460761070716526080,1460761070397,"rp.round_started",0.89,76,0,NA,NA,NA
"221",56,4,2,NA,"2016-04-15 15:59:05.608",1460761145607807488,1460761145286,"rp.confirm",NA,NA,NA,30.8836363636364,50.6925434116445,6
"222",56,4,2,7,"2016-04-15 15:59:37.719",1460761177718597632,1460761177396,"rp.round_started",0.94,76,0,NA,NA,NA
"223",56,4,2,NA,"2016-04-15 16:01:08.535",1460761268534599168,1460761268210,"rp.confirm",NA,NA,NA,33.7854545454545,44.9090909090909,7
"224",56,4,2,8,"2016-04-15 16:01:48.501",1460761308501326592,1460761308176,"rp.round_started",1,76,0,NA,NA,NA
"225",56,4,2,NA,"2016-04-15 16:03:04.046",1460761384045792512,1460761383719,"rp.confirm",NA,NA,NA,29.0872727272727,46.9127272727273,8
"226",56,4,2,9,"2016-04-15 16:03:44.114",1460761424113948928,1460761423817,"rp.round_started",1.06,76,0,NA,NA,NA
"227",56,4,2,NA,"2016-04-15 16:05:16.093",1460761516093359360,1460761515794,"rp.confirm",NA,NA,NA,29.9343272727273,43.4581818181818,9
"228",56,4,2,10,"2016-04-15 16:05:55.124",1460761555123799552,1460761554824,"rp.round_started",1.09072291115709,76,0,NA,NA,NA
"229",56,6,2,1,"2016-04-15 15:48:35.802",1460760515801720576,1460760515446,"rp.round_started",1.57,76,0,NA,NA,NA
"230",56,6,2,NA,"2016-04-15 15:49:46.696",1460760586695860736,1460760586338,"rp.confirm",NA,NA,NA,46.0615272727273,19.0690909090909,1
"231",56,6,2,2,"2016-04-15 15:50:13.285",1460760613284930048,1460760612926,"rp.round_started",1,76,0,NA,NA,NA
"232",56,6,2,NA,"2016-04-15 15:51:24.216",1460760684216358656,1460760683854,"rp.confirm",NA,NA,NA,50.4363636363636,25.5636363636364,2
"233",56,6,2,3,"2016-04-15 15:51:57.064",1460760717064466176,1460760716702,"rp.round_started",0.64,76,0,NA,NA,NA
"234",56,6,2,NA,"2016-04-15 15:53:06.751",1460760786750808320,1460760786410,"rp.confirm",NA,NA,NA,29.5709090909091,72.5454545454545,3
"235",56,6,2,4,"2016-04-15 15:53:35.156",1460760815155979520,1460760814814,"rp.round_started",0.7,76,0,NA,NA,NA
"236",56,6,2,NA,"2016-04-15 15:55:27.686",1460760927686346240,1460760927341,"rp.confirm",NA,NA,NA,22.3854545454545,76.5922077922078,4
"237",56,6,2,5,"2016-04-15 15:55:57.745",1460760957745013760,1460760957398,"rp.round_started",0.83,76,0,NA,NA,NA
"238",56,6,2,NA,"2016-04-15 15:57:24.927",1460761044926681856,1460761044577,"rp.confirm",NA,NA,NA,24.1818181818182,62.4315443592552,5
"239",56,6,2,6,"2016-04-15 15:57:50.726",1460761070726207232,1460761070375,"rp.round_started",0.89,76,0,NA,NA,NA
"240",56,6,2,NA,"2016-04-15 15:59:13.983",1460761153982742528,1460761153629,"rp.confirm",NA,NA,NA,23.6290909090909,58.8437180796731,6
"241",56,6,2,7,"2016-04-15 15:59:37.662",1460761177661569536,1460761177307,"rp.round_started",0.94,76,0,NA,NA,NA
"242",56,6,2,NA,"2016-04-15 16:01:17.919",1460761277919392000,1460761277592,"rp.confirm",NA,NA,NA,24.1818181818182,55.1257253384913,7
"243",56,6,2,8,"2016-04-15 16:01:48.514",1460761308514157824,1460761308186,"rp.round_started",1,76,0,NA,NA,NA
"244",56,6,2,NA,"2016-04-15 16:03:13.304",1460761393303928320,1460761392973,"rp.confirm",NA,NA,NA,24.0436363636364,51.9563636363636,8
"245",56,6,2,9,"2016-04-15 16:03:44.169",1460761424168845312,1460761423836,"rp.round_started",1.06,76,0,NA,NA,NA
"246",56,6,2,NA,"2016-04-15 16:05:25.656",1460761525655919360,1460761525320,"rp.confirm",NA,NA,NA,23.4162909090909,49.6072727272727,9
"247",56,6,2,10,"2016-04-15 16:05:55.364",1460761555363984640,1460761555027,"rp.round_started",1.09072291115709,76,0,NA,NA,NA
"248",56,8,2,1,"2016-04-15 15:48:35.832",1460760515832015104,1460760515510,"rp.round_started",1.57,76,0,NA,NA,NA
"249",56,8,2,NA,"2016-04-15 15:49:55.196",1460760595195920384,1460760594872,"rp.confirm",NA,NA,NA,45.0852727272727,19.6909090909091,1
"250",56,8,2,2,"2016-04-15 15:50:13.238",1460760613238221824,1460760612915,"rp.round_started",1,76,0,NA,NA,NA
"251",56,8,2,NA,"2016-04-15 15:51:36.348",1460760696347793152,1460760696023,"rp.confirm",NA,NA,NA,51.3345454545455,24.6654545454545,2
"252",56,8,2,3,"2016-04-15 15:51:57.081",1460760717080530432,1460760716755,"rp.round_started",0.64,76,0,NA,NA,NA
"253",56,8,2,NA,"2016-04-15 15:53:16.212",1460760796211617792,1460760795886,"rp.confirm",NA,NA,NA,26.7381818181818,76.9715909090909,3
"254",56,8,2,4,"2016-04-15 15:53:35.133",1460760815132706816,1460760814838,"rp.round_started",0.7,76,0,NA,NA,NA
"255",56,8,2,NA,"2016-04-15 15:55:36.203",1460760936203124992,1460760935906,"rp.confirm",NA,NA,NA,21.4872727272727,77.8753246753247,4
"256",56,8,2,5,"2016-04-15 15:55:57.719",1460760957719198976,1460760957422,"rp.round_started",0.83,76,0,NA,NA,NA
"257",56,8,2,NA,"2016-04-15 15:57:33.562",1460761053562250496,1460761053264,"rp.confirm",NA,NA,NA,23.0072727272727,63.8466593647317,5
"258",56,8,2,6,"2016-04-15 15:57:50.703",1460761070703104768,1460761070405,"rp.round_started",0.89,76,0,NA,NA,NA
"259",56,8,2,NA,"2016-04-15 15:59:21.426",1460761161426087168,1460761161127,"rp.confirm",NA,NA,NA,24.6654545454546,57.679264555669,6
"260",56,8,2,7,"2016-04-15 15:59:37.560",1460761177560154368,1460761177261,"rp.round_started",0.94,76,0,NA,NA,NA
"261",56,8,2,NA,"2016-04-15 16:01:27.283",1460761287283402240,1460761286981,"rp.confirm",NA,NA,NA,18.8618181818182,60.7852998065764,7
"262",56,8,2,8,"2016-04-15 16:01:48.561",1460761308561452032,1460761308259,"rp.round_started",1,76,0,NA,NA,NA
"263",56,8,2,NA,"2016-04-15 16:03:22.186",1460761402185858816,1460761401883,"rp.confirm",NA,NA,NA,19.9672727272727,56.0327272727273,8
"264",56,8,2,9,"2016-04-15 16:03:44.125",1460761424124841472,1460761423822,"rp.round_started",1.06,76,0,NA,NA,NA
"265",56,8,2,NA,"2016-04-15 16:05:35.602",1460761535601811968,1460761535329,"rp.confirm",NA,NA,NA,17.0447272727273,55.6181818181818,9
"266",56,8,2,10,"2016-04-15 16:05:55.129",1460761555128717568,1460761554856,"rp.round_started",1.09072291115709,76,0,NA,NA,NA
"267",56,10,2,1,"2016-04-15 15:48:35.807",1460760515807174400,1460760515414,"rp.round_started",1.57,76,0,NA,NA,NA
"268",56,10,2,NA,"2016-04-15 15:50:01.820",1460760601820107264,1460760601456,"rp.confirm",NA,NA,NA,51.0512727272727,15.8909090909091,1
"269",56,10,2,2,"2016-04-15 15:50:13.271",1460760613271324416,1460760612908,"rp.round_started",1,76,0,NA,NA,NA
"270",56,10,2,NA,"2016-04-15 15:51:43.756",1460760703756373248,1460760703391,"rp.confirm",NA,NA,NA,61.6290909090909,14.3709090909091,2
"271",56,10,2,3,"2016-04-15 15:51:57.113",1460760717112855808,1460760716747,"rp.round_started",0.64,76,0,NA,NA,NA
"272",56,10,2,NA,"2016-04-15 15:53:23.331",1460760803331112448,1460760802957,"rp.confirm",NA,NA,NA,16.4436363636364,93.0568181818182,3
"273",56,10,2,4,"2016-04-15 15:53:35.138",1460760815138188544,1460760814763,"rp.round_started",0.7,76,0,NA,NA,NA
"274",56,10,2,NA,"2016-04-15 15:55:42.675",1460760942675160576,1460760942298,"rp.confirm",NA,NA,NA,12.5745454545454,90.6077922077922,4
"275",56,10,2,5,"2016-04-15 15:55:57.725",1460760957725061120,1460760957347,"rp.round_started",0.83,76,0,NA,NA,NA
"276",56,10,2,NA,"2016-04-15 15:57:39.940",1460761059939612672,1460761059560,"rp.confirm",NA,NA,NA,16.9963636363636,71.0887185104053,5
"277",56,10,2,6,"2016-04-15 15:57:50.707",1460761070707257088,1460761070327,"rp.round_started",0.89,76,0,NA,NA,NA
"278",56,10,2,NA,"2016-04-15 15:59:27.636",1460761167635707648,1460761167253,"rp.confirm",NA,NA,NA,23.9054545454546,58.5331971399387,6
"279",56,10,2,7,"2016-04-15 15:59:37.643",1460761177642832640,1460761177292,"rp.round_started",0.94,76,0,NA,NA,NA
"280",56,10,2,NA,"2016-04-15 16:01:36.652",1460761296652380416,1460761296299,"rp.confirm",NA,NA,NA,14.9236363636364,64.9748549323017,7
"281",56,10,2,8,"2016-04-15 16:01:48.417",1460761308417037824,1460761308063,"rp.round_started",1,76,0,NA,NA,NA
"282",56,10,2,NA,"2016-04-15 16:03:31.340",1460761411340460544,1460761410984,"rp.confirm",NA,NA,NA,16.9963636363636,59.0036363636364,8
"283",56,10,2,9,"2016-04-15 16:03:44.200",1460761424199754240,1460761423843,"rp.round_started",1.06,76,0,NA,NA,NA
"284",56,10,2,NA,"2016-04-15 16:05:43.589",1460761543589376768,1460761543230,"rp.confirm",NA,NA,NA,21.2192,51.68,9
"285",56,10,2,10,"2016-04-15 16:05:55.183",1460761555183456512,1460761554824,"rp.round_started",1.09072291115709,76,0,NA,NA,NA
"286",56,12,2,1,"2016-04-15 15:48:35.769",1460760515768718080,1460760679348,"rp.round_started",1.57,76,0,NA,NA,NA
"287",56,12,2,NA,"2016-04-15 15:49:03.890",1460760543890013696,1460760707469,"rp.confirm",NA,NA,NA,27.5126909090909,30.8836363636364,1
"288",56,12,2,2,"2016-04-15 15:50:13.237",1460760613236544256,1460760776814,"rp.round_started",1.31,76,0,NA,NA,NA
"289",56,12,2,NA,"2016-04-15 15:50:41.474",1460760641473710592,1460760805050,"rp.confirm",NA,NA,NA,33.7322545454545,32.2654545454545,2
"290",56,12,2,3,"2016-04-15 15:51:57.076",1460760717075692544,1460760880651,"rp.round_started",1,76,0,NA,NA,NA
"291",56,12,2,NA,"2016-04-15 15:52:14.497",1460760734497347328,1460760898072,"rp.confirm",NA,NA,NA,36.9636363636364,39.0363636363636,3
"292",56,12,2,4,"2016-04-15 15:53:35.147",1460760815146722560,1460760978720,"rp.round_started",0.83,76,0,NA,NA,NA
"293",56,12,2,NA,"2016-04-15 15:54:11.808",1460760851808373504,1460761015381,"rp.confirm",NA,NA,NA,41.9381818181818,41.0383351588171,4
"294",56,12,2,5,"2016-04-15 15:55:57.731",1460760957731057408,1460761121301,"rp.round_started",0.64,76,0,NA,NA,NA
"295",56,12,2,NA,"2016-04-15 15:56:19.120",1460760979120109824,1460761142690,"rp.confirm",NA,NA,NA,46.2218181818182,46.5284090909091,5
"296",56,12,2,6,"2016-04-15 15:57:50.715",1460761070714778112,1460761234282,"rp.round_started",0.57,76,0,NA,NA,NA
"297",56,12,2,NA,"2016-04-15 15:58:07.840",1460761087839509248,1460761251407,"rp.confirm",NA,NA,NA,48.2945454545455,48.6060606060606,6
"298",56,12,2,7,"2016-04-15 15:59:37.697",1460761177697236224,1460761341262,"rp.round_started",0.5,76,0,NA,NA,NA
"299",56,12,2,NA,"2016-04-15 16:00:04.216",1460761204215838976,1460761367780,"rp.confirm",NA,NA,NA,50.92,50.16,7
"300",56,12,2,8,"2016-04-15 16:01:48.515",1460761308514940672,1460761472076,"rp.round_started",0.43,76,0,NA,NA,NA
"301",56,12,2,NA,"2016-04-15 16:02:12.505",1460761332504667392,1460761496065,"rp.confirm",NA,NA,NA,52.9927272727273,53.5052854122622,8
"302",56,12,2,9,"2016-04-15 16:03:44.121",1460761424120655104,1460761587679,"rp.round_started",0.36,76,0,NA,NA,NA
"303",56,12,2,NA,"2016-04-15 16:04:27.670",1460761467670469376,1460761631229,"rp.confirm",NA,NA,NA,55.8945454545455,55.8484848484848,9
"304",56,12,2,10,"2016-04-15 16:05:55.120",1460761555119859968,1460761718677,"rp.round_started",0.367495518141204,76,0,NA,NA,NA
"305",56,14,2,1,"2016-04-15 15:48:35.780",1460760515779982848,1460760515360,"rp.round_started",1.57,0,100,NA,NA,NA
"306",56,14,2,NA,"2016-04-15 15:49:07.168",1460760547167917824,1460760546747,"rp.confirm",NA,NA,NA,59.7484909090909,61.9436363636364,1
"307",56,14,2,2,"2016-04-15 15:50:13.237",1460760613237078272,1460760612815,"rp.round_started",1.31,0,100,NA,NA,NA
"308",56,14,2,NA,"2016-04-15 15:50:44.456",1460760644455909120,1460760644033,"rp.confirm",NA,NA,NA,57.0516909090909,56.4490909090909,2
"309",56,14,2,3,"2016-04-15 15:51:57.076",1460760717076231936,1460760716652,"rp.round_started",1,0,100,NA,NA,NA
"310",56,14,2,NA,"2016-04-15 15:52:17.720",1460760737720113408,1460760737295,"rp.confirm",NA,NA,NA,47.8181818181818,52.1818181818182,3
"311",56,14,2,4,"2016-04-15 15:53:35.165",1460760815164722176,1460760814738,"rp.round_started",0.83,0,100,NA,NA,NA
"312",56,14,2,NA,"2016-04-15 15:54:19.736",1460760859736026624,1460760859309,"rp.confirm",NA,NA,NA,45.8763636363636,44.7272727272727,4
"313",56,14,2,5,"2016-04-15 15:55:57.752",1460760957751663616,1460760957321,"rp.round_started",0.64,0,100,NA,NA,NA
"314",56,14,2,NA,"2016-04-15 15:56:25.546",1460760985546233088,1460760985115,"rp.confirm",NA,NA,NA,38.6327272727273,39.6363636363636,5
"315",56,14,2,6,"2016-04-15 15:57:50.736",1460761070735790336,1460761070303,"rp.round_started",0.57,0,100,NA,NA,NA
"316",56,14,2,NA,"2016-04-15 15:58:12.673",1460761092673377536,1460761092240,"rp.confirm",NA,NA,NA,36.48,36,6
"317",56,14,2,7,"2016-04-15 15:59:37.678",1460761177678229248,1460761177275,"rp.round_started",0.5,0,100,NA,NA,NA
"318",56,14,2,NA,"2016-04-15 16:00:13.474",1460761213474139648,1460761213070,"rp.confirm",NA,NA,NA,33.1818181818182,33.6363636363636,7
"319",56,14,2,8,"2016-04-15 16:01:48.526",1460761308525685504,1460761308121,"rp.round_started",0.43,0,100,NA,NA,NA
"320",56,14,2,NA,"2016-04-15 16:02:25.704",1460761345704362752,1460761345299,"rp.confirm",NA,NA,NA,30.0218181818182,30.1818181818182,8
"321",56,14,2,9,"2016-04-15 16:03:44.130",1460761424129627648,1460761423723,"rp.round_started",0.36,0,100,NA,NA,NA
"322",56,14,2,NA,"2016-04-15 16:04:32.369",1460761472368740608,1460761471992,"rp.confirm",NA,NA,NA,26.64,26,9
"323",56,14,2,10,"2016-04-15 16:05:55.139",1460761555139302912,1460761554761,"rp.round_started",0.367495518141204,0,100,NA,NA,NA
"324",56,16,2,1,"2016-04-15 15:48:35.754",1460760515753818368,1460760515338,"rp.round_started",1.57,0,100,NA,NA,NA
"325",56,16,2,NA,"2016-04-15 15:49:14.159",1460760554159458048,1460760553742,"rp.confirm",NA,NA,NA,60.6448181818182,61.3727272727273,1
"326",56,16,2,2,"2016-04-15 15:50:13.250",1460760613250223616,1460760612802,"rp.round_started",1.31,0,100,NA,NA,NA
"327",56,16,2,NA,"2016-04-15 15:50:52.911",1460760652911204608,1460760652462,"rp.confirm",NA,NA,NA,56.4276545454545,56.9254545454545,2
"328",56,16,2,3,"2016-04-15 15:51:57.063",1460760717062834688,1460760716612,"rp.round_started",1,0,100,NA,NA,NA
"329",56,16,2,NA,"2016-04-15 15:52:25.783",1460760745783054336,1460760745332,"rp.confirm",NA,NA,NA,49.6363636363636,50.3636363636364,3
"330",56,16,2,4,"2016-04-15 15:53:35.153",1460760815152640256,1460760814693,"rp.round_started",0.83,0,100,NA,NA,NA
"331",56,16,2,NA,"2016-04-15 15:54:35.973",1460760875972816384,1460760875513,"rp.confirm",NA,NA,NA,45.4236363636364,45.2727272727273,4
"332",56,16,2,5,"2016-04-15 15:55:57.745",1460760957744821760,1460760957281,"rp.round_started",0.64,0,100,NA,NA,NA
"333",56,16,2,NA,"2016-04-15 15:56:41.582",1460761001582392576,1460761001118,"rp.confirm",NA,NA,NA,38.8654545454545,39.2727272727273,5
"334",56,16,2,6,"2016-04-15 15:57:50.727",1460761070726630912,1460761070261,"rp.round_started",0.57,0,100,NA,NA,NA
"335",56,16,2,NA,"2016-04-15 15:58:31.111",1460761111110919424,1460761110644,"rp.confirm",NA,NA,NA,36.3763636363636,36.1818181818182,6
"336",56,16,2,7,"2016-04-15 15:59:37.674",1460761177674378240,1460761177206,"rp.round_started",0.5,0,100,NA,NA,NA
"337",56,16,2,NA,"2016-04-15 16:00:28.365",1460761228365074432,1460761227897,"rp.confirm",NA,NA,NA,31.8181818181818,36.3636363636364,7
"338",56,16,2,8,"2016-04-15 16:01:48.509",1460761308509294080,1460761308040,"rp.round_started",0.43,0,100,NA,NA,NA
"339",56,16,2,NA,"2016-04-15 16:02:41.805",1460761361805023488,1460761361304,"rp.confirm",NA,NA,NA,27.9890909090909,34.9090909090909,8
"340",56,16,2,9,"2016-04-15 16:03:44.124",1460761424124113664,1460761423620,"rp.round_started",0.36,0,100,NA,NA,NA
"341",56,16,2,NA,"2016-04-15 16:04:43.644",1460761483644440576,1460761483141,"rp.confirm",NA,NA,NA,26.3127272727273,26.9090909090909,9
"342",56,16,2,10,"2016-04-15 16:05:55.135",1460761555134981376,1460761554628,"rp.round_started",0.367495518141204,0,100,NA,NA,NA
"343",56,18,2,1,"2016-04-15 15:48:35.732",1460760515731865344,1460760515361,"rp.round_started",1.57,0,100,NA,NA,NA
"344",56,18,2,NA,"2016-04-15 15:49:20.667",1460760560666811136,1460760560294,"rp.confirm",NA,NA,NA,65.5746181818182,58.2327272727273,1
"345",56,18,2,2,"2016-04-15 15:50:13.254",1460760613254193920,1460760612880,"rp.round_started",1.31,0,100,NA,NA,NA
"346",56,18,2,NA,"2016-04-15 15:51:00.619",1460760660618605056,1460760660245,"rp.confirm",NA,NA,NA,67.3482909090909,48.5890909090909,2
"347",56,18,2,3,"2016-04-15 15:51:57.043",1460760717043257088,1460760716667,"rp.round_started",1,0,100,NA,NA,NA
"348",56,18,2,NA,"2016-04-15 15:52:32.019",1460760752019269888,1460760751674,"rp.confirm",NA,NA,NA,52.9090909090909,47.0909090909091,3
"349",56,18,2,4,"2016-04-15 15:53:35.138",1460760815138449152,1460760814784,"rp.round_started",0.83,0,100,NA,NA,NA
"350",56,18,2,NA,"2016-04-15 15:54:58.243",1460760898243305216,1460760897886,"rp.confirm",NA,NA,NA,43.0090909090909,48.1818181818182,4
"351",56,18,2,5,"2016-04-15 15:55:57.723",1460760957722972416,1460760957365,"rp.round_started",0.64,0,100,NA,NA,NA
"352",56,18,2,NA,"2016-04-15 15:56:53.530",1460761013530120704,1460761013172,"rp.confirm",NA,NA,NA,34.9090909090909,45.4545454545455,5
"353",56,18,2,6,"2016-04-15 15:57:50.702",1460761070702241280,1460761070342,"rp.round_started",0.57,0,100,NA,NA,NA
"354",56,18,2,NA,"2016-04-15 15:58:43.522",1460761123522472448,1460761123161,"rp.confirm",NA,NA,NA,32.9563636363636,42.1818181818182,6
"355",56,18,2,7,"2016-04-15 15:59:37.638",1460761177637687296,1460761177275,"rp.round_started",0.5,0,100,NA,NA,NA
"356",56,18,2,NA,"2016-04-15 16:00:47.219",1460761247218735104,1460761246855,"rp.confirm",NA,NA,NA,27.2727272727273,45.4545454545455,7
"357",56,18,2,8,"2016-04-15 16:01:48.539",1460761308538744064,1460761308205,"rp.round_started",0.43,0,100,NA,NA,NA
"358",56,18,2,NA,"2016-04-15 16:02:48.436",1460761368435553280,1460761368100,"rp.confirm",NA,NA,NA,26.1127272727273,39.2727272727273,8
"359",56,18,2,9,"2016-04-15 16:03:44.029",1460761424028713984,1460761423692,"rp.round_started",0.36,0,100,NA,NA,NA
"360",56,18,2,NA,"2016-04-15 16:04:55.260",1460761495259505664,1460761494921,"rp.confirm",NA,NA,NA,23.4327272727273,34.9090909090909,9
"361",56,18,2,10,"2016-04-15 16:05:55.112",1460761555112228352,1460761554772,"rp.round_started",0.367495518141204,0,100,NA,NA,NA
"362",56,20,2,1,"2016-04-15 15:48:35.745",1460760515745227520,1460760515351,"rp.round_started",1.57,0,100,NA,NA,NA
"363",56,20,2,NA,"2016-04-15 15:49:25.930",1460760565929502720,1460760565534,"rp.confirm",NA,NA,NA,78.5713636363636,49.9545454545455,1
"364",56,20,2,2,"2016-04-15 15:50:13.254",1460760613253818880,1460760612857,"rp.round_started",1,0,100,NA,NA,NA
"365",56,20,2,NA,"2016-04-15 15:51:05.554",1460760665553504256,1460760665155,"rp.confirm",NA,NA,NA,57.0909090909091,42.9090909090909,2
"366",56,20,2,3,"2016-04-15 15:51:57.053",1460760717052796160,1460760716684,"rp.round_started",0.64,0,100,NA,NA,NA
"367",56,20,2,NA,"2016-04-15 15:52:36.329",1460760756329420800,1460760755960,"rp.confirm",NA,NA,NA,35.2581818181818,44.9090909090909,3
"368",56,20,2,4,"2016-04-15 15:53:35.145",1460760815144889088,1460760814767,"rp.round_started",0.7,0,100,NA,NA,NA
"369",56,20,2,NA,"2016-04-15 15:55:05.944",1460760905943941888,1460760905563,"rp.confirm",NA,NA,NA,33.4727272727273,52.1818181818182,4
"370",56,20,2,5,"2016-04-15 15:55:57.730",1460760957730450432,1460760957349,"rp.round_started",0.83,0,100,NA,NA,NA
"371",56,20,2,NA,"2016-04-15 15:57:00.408",1460761020407866624,1460761020024,"rp.confirm",NA,NA,NA,41.0472727272727,50.5454545454545,5
"372",56,20,2,6,"2016-04-15 15:57:50.713",1460761070713129472,1460761070328,"rp.round_started",0.89,0,100,NA,NA,NA
"373",56,20,2,NA,"2016-04-15 15:58:52.449",1460761132448970752,1460761132062,"rp.confirm",NA,NA,NA,40.4545454545455,54.5454545454545,6
"374",56,20,2,7,"2016-04-15 15:59:37.697",1460761177696882432,1460761177309,"rp.round_started",0.94,0,100,NA,NA,NA
"375",56,20,2,NA,"2016-04-15 16:00:54.136",1460761254136283392,1460761253777,"rp.confirm",NA,NA,NA,43.24,54,7
"376",56,20,2,8,"2016-04-15 16:01:48.500",1460761308499765504,1460761308139,"rp.round_started",1,0,100,NA,NA,NA
"377",56,20,2,NA,"2016-04-15 16:02:53.480",1460761373479958784,1460761373118,"rp.confirm",NA,NA,NA,41.6363636363636,58.3636363636364,8
"378",56,20,2,9,"2016-04-15 16:03:44.108",1460761424107748096,1460761423744,"rp.round_started",1.06,0,100,NA,NA,NA
"379",56,20,2,NA,"2016-04-15 16:05:02.256",1460761502255831296,1460761501890,"rp.confirm",NA,NA,NA,45.9384727272727,56.6618181818182,9
"380",56,20,2,10,"2016-04-15 16:05:55.120",1460761555120431360,1460761554753,"rp.round_started",1.09072291115709,0,100,NA,NA,NA
