"Period","Group","Sender","datetime","Time","ClientTime","Key","action","action_owntype","action_partnertype","exit","repeataction_owntype","repeataction_partnertype"
1,1,"1","2016-04-08 12:05:17.918",1460142317918298624,1460142285067,"action","2",NA,NA,NA,NA,NA
1,1,"1","2016-04-08 12:05:17.919",1460142317918512896,1460142285067,"action_owntype",NA,"3",NA,NA,NA,NA
1,1,"1","2016-04-08 12:05:17.919",1460142317918773248,1460142285067,"action_partnertype",NA,NA,"3",NA,NA,NA
1,1,"2","2016-04-08 12:05:18.998",1460142318998380288,1460142286147,"action","1",NA,NA,NA,NA,NA
1,1,"2","2016-04-08 12:05:18.999",1460142318998609152,1460142286148,"action_owntype",NA,"3",NA,NA,NA,NA
1,1,"2","2016-04-08 12:05:18.999",1460142318998853632,1460142286148,"action_partnertype",NA,NA,"1",NA,NA,NA
1,1,"3","2016-04-08 12:05:20.334",1460142320334092800,1460142287479,"action","1",NA,NA,NA,NA,NA
1,1,"3","2016-04-08 12:05:20.334",1460142320334290432,1460142287480,"action_owntype",NA,"2",NA,NA,NA,NA
1,1,"3","2016-04-08 12:05:20.335",1460142320334517760,1460142287480,"action_partnertype",NA,NA,"1",NA,NA,NA
1,1,"4","2016-04-08 12:05:21.887",1460142321887256320,1460142289036,"action","1",NA,NA,NA,NA,NA
1,1,"4","2016-04-08 12:05:21.888",1460142321887599872,1460142289037,"action_owntype",NA,"1",NA,NA,NA,NA
1,1,"4","2016-04-08 12:05:21.888",1460142321887834880,1460142289037,"action_partnertype",NA,NA,"2",NA,NA,NA
1,1,"5","2016-04-08 12:05:23.053",1460142323053276672,1460142290199,"action","2",NA,NA,NA,NA,NA
1,1,"5","2016-04-08 12:05:23.054",1460142323053558016,1460142290199,"action_owntype",NA,"1",NA,NA,NA,NA
1,1,"5","2016-04-08 12:05:23.054",1460142323053781248,1460142290199,"action_partnertype",NA,NA,"3",NA,NA,NA
1,1,"6","2016-04-08 12:05:24.445",1460142324445388544,1460142291590,"action","1",NA,NA,NA,NA,NA
1,1,"6","2016-04-08 12:05:24.446",1460142324445600256,1460142291590,"action_owntype",NA,"1",NA,NA,NA,NA
1,1,"6","2016-04-08 12:05:24.446",1460142324445843712,1460142291590,"action_partnertype",NA,NA,"1",NA,NA,NA
1,1,"7","2016-04-08 12:05:25.681",1460142325681313536,1460142292828,"action","1",NA,NA,NA,NA,NA
1,1,"7","2016-04-08 12:05:25.682",1460142325681544448,1460142292828,"action_owntype",NA,"2",NA,NA,NA,NA
1,1,"7","2016-04-08 12:05:25.682",1460142325681774336,1460142292828,"action_partnertype",NA,NA,"1",NA,NA,NA
1,1,"8","2016-04-08 12:05:27.738",1460142327738152192,1460142294884,"action","1",NA,NA,NA,NA,NA
1,1,"8","2016-04-08 12:05:27.738",1460142327738386432,1460142294884,"action_owntype",NA,"3",NA,NA,NA,NA
1,1,"8","2016-04-08 12:05:27.739",1460142327738634752,1460142294884,"action_partnertype",NA,NA,"1",NA,NA,NA
1,1,"9","2016-04-08 12:05:28.903",1460142328903422464,1460142296050,"action","1",NA,NA,NA,NA,NA
1,1,"9","2016-04-08 12:05:28.904",1460142328903652096,1460142296050,"action_owntype",NA,"1",NA,NA,NA,NA
1,1,"9","2016-04-08 12:05:28.904",1460142328903888128,1460142296051,"action_partnertype",NA,NA,"1",NA,NA,NA
1,1,"10","2016-04-08 12:05:33.431",1460142333431393280,1460142300579,"action","1",NA,NA,NA,NA,NA
1,1,"10","2016-04-08 12:05:33.432",1460142333431609856,1460142300579,"action_owntype",NA,"1",NA,NA,NA,NA
1,1,"10","2016-04-08 12:05:33.432",1460142333431848192,1460142300579,"action_partnertype",NA,NA,"2",NA,NA,NA
1,1,"11","2016-04-08 12:05:34.761",1.460142334761e+18,1460142301910,"action","2",NA,NA,NA,NA,NA
1,1,"11","2016-04-08 12:05:34.761",1460142334761228800,1460142301910,"action_owntype",NA,"3",NA,NA,NA,NA
1,1,"11","2016-04-08 12:05:34.761",1460142334761476352,1460142301910,"action_partnertype",NA,NA,"3",NA,NA,NA
1,1,"12","2016-04-08 12:05:36.539",1460142336539250176,1460142303684,"action","2",NA,NA,NA,NA,NA
1,1,"12","2016-04-08 12:05:36.539",1460142336539480832,1460142303684,"action_owntype",NA,"1",NA,NA,NA,NA
1,1,"12","2016-04-08 12:05:36.540",1460142336539714560,1460142303684,"action_partnertype",NA,NA,"3",NA,NA,NA
1,1,"6","2016-04-08 12:05:37.554",1460142337554127616,1460142304702,"exit",NA,NA,NA,"6",NA,NA
1,1,"6","2016-04-08 12:05:37.554",1460142337554327296,1460142304702,"action","1",NA,NA,NA,NA,NA
1,1,"6","2016-04-08 12:05:37.555",1460142337554609408,1460142304702,"repeataction_owntype",NA,NA,NA,NA,"1",NA
1,1,"6","2016-04-08 12:05:37.555",1460142337554816000,1460142304702,"repeataction_partnertype",NA,NA,NA,NA,NA,"1"
1,1,"9","2016-04-08 12:05:38.015",1460142338014597120,1460142305154,"exit",NA,NA,NA,"9",NA,NA
1,1,"9","2016-04-08 12:05:38.015",1460142338014819840,1460142305154,"action","1",NA,NA,NA,NA,NA
1,1,"9","2016-04-08 12:05:38.015",1460142338015037184,1460142305154,"repeataction_owntype",NA,NA,NA,NA,"1",NA
1,1,"9","2016-04-08 12:05:38.015",1460142338015232000,1460142305154,"repeataction_partnertype",NA,NA,NA,NA,NA,"1"
1,1,"7","2016-04-08 12:05:38.608",1460142338608060416,1460142305756,"exit",NA,NA,NA,"7",NA,NA
1,1,"7","2016-04-08 12:05:38.608",1460142338608283904,1460142305756,"action","1",NA,NA,NA,NA,NA
1,1,"7","2016-04-08 12:05:38.609",1460142338608516608,1460142305757,"repeataction_owntype",NA,NA,NA,NA,"2",NA
1,1,"7","2016-04-08 12:05:38.609",1460142338608736000,1460142305757,"repeataction_partnertype",NA,NA,NA,NA,NA,"1"
1,1,"3","2016-04-08 12:05:39.222",1460142339222240512,1460142306370,"exit",NA,NA,NA,"3",NA,NA
1,1,"3","2016-04-08 12:05:39.222",1460142339222465280,1460142306370,"action","1",NA,NA,NA,NA,NA
1,1,"3","2016-04-08 12:05:39.223",1460142339222697984,1460142306370,"repeataction_owntype",NA,NA,NA,NA,"2",NA
1,1,"3","2016-04-08 12:05:39.223",1460142339222905088,1460142306370,"repeataction_partnertype",NA,NA,NA,NA,NA,"1"
1,1,"10","2016-04-08 12:05:39.875",1460142339875047936,1460142307022,"exit",NA,NA,NA,"10",NA,NA
1,1,"10","2016-04-08 12:05:39.875",1460142339875276544,1460142307022,"action","1",NA,NA,NA,NA,NA
1,1,"10","2016-04-08 12:05:39.876",1460142339875523328,1460142307022,"repeataction_owntype",NA,NA,NA,NA,"1",NA
1,1,"10","2016-04-08 12:05:39.876",1460142339875721472,1460142307023,"repeataction_partnertype",NA,NA,NA,NA,NA,"2"
1,1,"4","2016-04-08 12:05:40.434",1460142340434104576,1460142307581,"exit",NA,NA,NA,"4",NA,NA
1,1,"4","2016-04-08 12:05:40.434",1460142340434323456,1460142307581,"action","1",NA,NA,NA,NA,NA
1,1,"4","2016-04-08 12:05:40.435",1460142340434559488,1460142307581,"repeataction_owntype",NA,NA,NA,NA,"1",NA
1,1,"4","2016-04-08 12:05:40.435",1460142340434754304,1460142307581,"repeataction_partnertype",NA,NA,NA,NA,NA,"2"
1,1,"12","2016-04-08 12:05:44.806",1460142344806422528,1460142311952,"action","1",NA,NA,NA,NA,NA
1,1,"12","2016-04-08 12:05:44.807",1460142344806708480,1460142311952,"action_owntype",NA,"1",NA,NA,NA,NA
1,1,"12","2016-04-08 12:05:44.807",1460142344806952192,1460142311952,"action_partnertype",NA,NA,"1",NA,NA,NA
1,1,"1","2016-04-08 12:05:45.742",1460142345741646592,1460142312886,"action","1",NA,NA,NA,NA,NA
1,1,"1","2016-04-08 12:05:45.742",1460142345741925376,1460142312886,"action_owntype",NA,"3",NA,NA,NA,NA
1,1,"1","2016-04-08 12:05:45.742",1460142345742174464,1460142312886,"action_partnertype",NA,NA,"3",NA,NA,NA
1,1,"11","2016-04-08 12:05:46.411",1460142346411463680,1460142313553,"action","1",NA,NA,NA,NA,NA
1,1,"11","2016-04-08 12:05:46.412",1460142346411805440,1460142313553,"action_owntype",NA,"3",NA,NA,NA,NA
1,1,"11","2016-04-08 12:05:46.412",1460142346412025856,1460142313553,"action_partnertype",NA,NA,"3",NA,NA,NA
1,1,"8","2016-04-08 12:05:47.017",1460142347017334528,1460142314163,"action","1",NA,NA,NA,NA,NA
1,1,"8","2016-04-08 12:05:47.018",1460142347017538304,1460142314163,"action_owntype",NA,"3",NA,NA,NA,NA
1,1,"8","2016-04-08 12:05:47.018",1460142347017755392,1460142314163,"action_partnertype",NA,NA,"3",NA,NA,NA
1,1,"5","2016-04-08 12:05:47.508",1460142347508175360,1460142314655,"action","1",NA,NA,NA,NA,NA
1,1,"5","2016-04-08 12:05:47.508",1460142347508393984,1460142314655,"action_owntype",NA,"1",NA,NA,NA,NA
1,1,"5","2016-04-08 12:05:47.512",1460142347511935744,1460142314655,"action_partnertype",NA,NA,"1",NA,NA,NA
1,1,"2","2016-04-08 12:05:48.139",1460142348139220224,1460142315284,"action","1",NA,NA,NA,NA,NA
1,1,"2","2016-04-08 12:05:48.139",1460142348139443968,1460142315284,"action_owntype",NA,"3",NA,NA,NA,NA
1,1,"2","2016-04-08 12:05:48.140",1460142348139667200,1460142315284,"action_partnertype",NA,NA,"3",NA,NA,NA
1,1,"7","2016-04-08 12:05:48.409",1460142348408718592,1460142315547,"exit",NA,NA,NA,"7",NA,NA
1,1,"9","2016-04-08 12:05:48.413",1460142348412978432,1460142315548,"exit",NA,NA,NA,"9",NA,NA
1,1,"2","2016-04-08 12:05:48.413",1460142348413176832,1460142315549,"exit",NA,NA,NA,"2",NA,NA
1,1,"6","2016-04-08 12:05:48.413",1460142348413372160,1460142315549,"exit",NA,NA,NA,"6",NA,NA
1,1,"8","2016-04-08 12:05:48.414",1460142348413561344,1460142315553,"exit",NA,NA,NA,"8",NA,NA
1,1,"12","2016-04-08 12:05:48.420",1460142348419960576,1460142315565,"exit",NA,NA,NA,"12",NA,NA
1,1,"1","2016-04-08 12:05:48.421",1460142348420748288,1460142315561,"exit",NA,NA,NA,"1",NA,NA
1,1,"10","2016-04-08 12:05:48.421",1460142348420935424,1460142315563,"exit",NA,NA,NA,"10",NA,NA
1,1,"11","2016-04-08 12:05:48.421",1460142348421163008,1460142315568,"exit",NA,NA,NA,"11",NA,NA
1,1,"5","2016-04-08 12:05:48.421",1460142348421354496,1460142315561,"exit",NA,NA,NA,"5",NA,NA
1,1,"3","2016-04-08 12:05:48.422",1460142348421558272,1460142315566,"exit",NA,NA,NA,"3",NA,NA
1,1,"4","2016-04-08 12:05:48.507",1460142348506697728,1460142315646,"exit",NA,NA,NA,"4",NA,NA
1,1,"2","2016-04-08 12:05:48.626",1460142348626473216,1460142315775,"action","1",NA,NA,NA,NA,NA
1,1,"2","2016-04-08 12:05:48.627",1460142348626651648,1460142315775,"action_owntype",NA,"3",NA,NA,NA,NA
1,1,"2","2016-04-08 12:05:48.630",1460142348629839104,1460142315775,"action_partnertype",NA,NA,"3",NA,NA,NA
2,1,"1","2016-04-08 12:06:15.562",1460142375561783808,1460142342704,"action","2",NA,NA,NA,NA,NA
2,1,"1","2016-04-08 12:06:15.562",1460142375562078208,1460142342705,"action_owntype",NA,"1",NA,NA,NA,NA
2,1,"1","2016-04-08 12:06:15.562",1460142375562335488,1460142342705,"action_partnertype",NA,NA,"3",NA,NA,NA
2,1,"2","2016-04-08 12:06:16.905",1460142376904806912,1460142344048,"action","2",NA,NA,NA,NA,NA
2,1,"2","2016-04-08 12:06:16.905",1460142376905016320,1460142344048,"action_owntype",NA,"1",NA,NA,NA,NA
2,1,"2","2016-04-08 12:06:16.905",1460142376905242368,1460142344048,"action_partnertype",NA,NA,"3",NA,NA,NA
2,1,"3","2016-04-08 12:06:18.093",1460142378093208576,1460142345238,"action","1",NA,NA,NA,NA,NA
2,1,"3","2016-04-08 12:06:18.094",1460142378093509376,1460142345238,"action_owntype",NA,"3",NA,NA,NA,NA
2,1,"3","2016-04-08 12:06:18.094",1460142378093760000,1460142345238,"action_partnertype",NA,NA,"1",NA,NA,NA
2,1,"4","2016-04-08 12:06:21.756",1460142381755584000,1460142348900,"action","1",NA,NA,NA,NA,NA
2,1,"4","2016-04-08 12:06:21.756",1460142381755811840,1460142348900,"action_owntype",NA,"2",NA,NA,NA,NA
2,1,"4","2016-04-08 12:06:21.756",1460142381756029184,1460142348901,"action_partnertype",NA,NA,"1",NA,NA,NA
2,1,"5","2016-04-08 12:06:46.666",1460142406665736448,1460142373809,"action","1",NA,NA,NA,NA,NA
2,1,"5","2016-04-08 12:06:46.666",1460142406665966848,1460142373809,"action_owntype",NA,"1",NA,NA,NA,NA
2,1,"5","2016-04-08 12:06:46.666",1460142406666209280,1460142373809,"action_partnertype",NA,NA,"1",NA,NA,NA
2,1,"6","2016-04-08 12:06:48.530",1460142408530340352,1460142375674,"action","1",NA,NA,NA,NA,NA
2,1,"6","2016-04-08 12:06:48.531",1460142408530553600,1460142375675,"action_owntype",NA,"3",NA,NA,NA,NA
2,1,"6","2016-04-08 12:06:48.535",1460142408534640128,1460142375675,"action_partnertype",NA,NA,"2",NA,NA,NA
2,1,"7","2016-04-08 12:06:49.559",1460142409558641920,1460142376703,"action","1",NA,NA,NA,NA,NA
2,1,"7","2016-04-08 12:06:49.563",1460142409563390464,1460142376703,"action_owntype",NA,"1",NA,NA,NA,NA
2,1,"7","2016-04-08 12:06:49.564",1460142409563593216,1460142376703,"action_partnertype",NA,NA,"1",NA,NA,NA
2,1,"8","2016-04-08 12:06:50.663",1460142410662820096,1460142377807,"action","1",NA,NA,NA,NA,NA
2,1,"8","2016-04-08 12:06:50.663",1460142410663033088,1460142377807,"action_owntype",NA,"1",NA,NA,NA,NA
2,1,"8","2016-04-08 12:06:50.663",1460142410663269120,1460142377807,"action_partnertype",NA,NA,"2",NA,NA,NA
2,1,"9","2016-04-08 12:06:51.933",1460142411933307136,1460142379077,"action","2",NA,NA,NA,NA,NA
2,1,"9","2016-04-08 12:06:51.934",1460142411933538304,1460142379077,"action_owntype",NA,"2",NA,NA,NA,NA
2,1,"9","2016-04-08 12:06:51.934",1460142411933783040,1460142379077,"action_partnertype",NA,NA,"3",NA,NA,NA
2,1,"10","2016-04-08 12:06:53.102",1460142413101762304,1460142380243,"action","1",NA,NA,NA,NA,NA
2,1,"10","2016-04-08 12:06:53.102",1460142413101983232,1460142380243,"action_owntype",NA,"3",NA,NA,NA,NA
2,1,"10","2016-04-08 12:06:53.102",1460142413102207488,1460142380243,"action_partnertype",NA,NA,"1",NA,NA,NA
2,1,"11","2016-04-08 12:06:54.699",1460142414698992384,1460142381840,"action","2",NA,NA,NA,NA,NA
2,1,"11","2016-04-08 12:06:54.699",1460142414699209216,1460142381840,"action_owntype",NA,"1",NA,NA,NA,NA
2,1,"11","2016-04-08 12:06:54.699",1460142414699446016,1460142381841,"action_partnertype",NA,NA,"3",NA,NA,NA
2,1,"12","2016-04-08 12:06:56.315",1460142416315045888,1460142383456,"action","1",NA,NA,NA,NA,NA
2,1,"12","2016-04-08 12:06:56.315",1460142416315259136,1460142383456,"action_owntype",NA,"3",NA,NA,NA,NA
2,1,"12","2016-04-08 12:06:56.315",1460142416315491584,1460142383456,"action_partnertype",NA,NA,"1",NA,NA,NA
2,1,"8","2016-04-08 12:06:57.899",1460142417899157248,1460142385032,"exit",NA,NA,NA,"8",NA,NA
2,1,"8","2016-04-08 12:06:57.899",1460142417899385600,1460142385032,"action","1",NA,NA,NA,NA,NA
2,1,"8","2016-04-08 12:06:57.900",1460142417899634176,1460142385033,"repeataction_owntype",NA,NA,NA,NA,"1",NA
2,1,"8","2016-04-08 12:06:57.900",1460142417899840000,1460142385033,"repeataction_partnertype",NA,NA,NA,NA,NA,"2"
2,1,"5","2016-04-08 12:06:58.506",1460142418506009088,1460142385648,"exit",NA,NA,NA,"5",NA,NA
2,1,"5","2016-04-08 12:06:58.506",1460142418506218496,1460142385648,"action","1",NA,NA,NA,NA,NA
2,1,"5","2016-04-08 12:06:58.506",1460142418506462720,1460142385648,"repeataction_owntype",NA,NA,NA,NA,"1",NA
2,1,"5","2016-04-08 12:06:58.507",1460142418506659584,1460142385648,"repeataction_partnertype",NA,NA,NA,NA,NA,"1"
2,1,"4","2016-04-08 12:06:59.093",1460142419093106176,1460142386219,"exit",NA,NA,NA,"4",NA,NA
2,1,"4","2016-04-08 12:06:59.093",1460142419093320960,1460142386219,"action","1",NA,NA,NA,NA,NA
2,1,"4","2016-04-08 12:06:59.094",1460142419093568768,1460142386219,"repeataction_owntype",NA,NA,NA,NA,"2",NA
2,1,"4","2016-04-08 12:06:59.094",1460142419093781248,1460142386219,"repeataction_partnertype",NA,NA,NA,NA,NA,"1"
2,1,"7","2016-04-08 12:06:59.512",1460142419512456960,1460142386653,"exit",NA,NA,NA,"7",NA,NA
2,1,"7","2016-04-08 12:06:59.513",1460142419512667392,1460142386653,"action","1",NA,NA,NA,NA,NA
2,1,"7","2016-04-08 12:06:59.513",1460142419512870400,1460142386654,"repeataction_owntype",NA,NA,NA,NA,"1",NA
2,1,"7","2016-04-08 12:06:59.513",1460142419513074944,1460142386654,"repeataction_partnertype",NA,NA,NA,NA,NA,"1"
2,1,"9","2016-04-08 12:07:04.277",1460142424276775680,1460142391417,"action","1",NA,NA,NA,NA,NA
2,1,"9","2016-04-08 12:07:04.277",1460142424276990976,1460142391417,"action_owntype",NA,"2",NA,NA,NA,NA
2,1,"9","2016-04-08 12:07:04.277",1460142424277261568,1460142391417,"action_partnertype",NA,NA,"1",NA,NA,NA
2,1,"10","2016-04-08 12:07:04.733",1460142424733290752,1460142391869,"action","1",NA,NA,NA,NA,NA
2,1,"10","2016-04-08 12:07:04.734",1460142424733501952,1460142391869,"action_owntype",NA,"3",NA,NA,NA,NA
2,1,"10","2016-04-08 12:07:04.734",1460142424733729792,1460142391869,"action_partnertype",NA,NA,"3",NA,NA,NA
2,1,"1","2016-04-08 12:07:05.160",1460142425159728128,1460142392303,"action","1",NA,NA,NA,NA,NA
2,1,"1","2016-04-08 12:07:05.160",1460142425159923968,1460142392303,"action_owntype",NA,"1",NA,NA,NA,NA
2,1,"1","2016-04-08 12:07:05.160",1460142425160155648,1460142392303,"action_partnertype",NA,NA,"2",NA,NA,NA
2,1,"3","2016-04-08 12:07:05.628",1460142425628363520,1460142392766,"action","1",NA,NA,NA,NA,NA
2,1,"3","2016-04-08 12:07:05.629",1460142425628569344,1460142392766,"action_owntype",NA,"3",NA,NA,NA,NA
2,1,"3","2016-04-08 12:07:05.629",1460142425628791040,1460142392766,"action_partnertype",NA,NA,"3",NA,NA,NA
2,1,"12","2016-04-08 12:07:06.146",1460142426145634304,1460142393288,"action","1",NA,NA,NA,NA,NA
2,1,"12","2016-04-08 12:07:06.146",1460142426145961216,1460142393288,"action_owntype",NA,"3",NA,NA,NA,NA
2,1,"12","2016-04-08 12:07:06.146",1460142426146181376,1460142393288,"action_partnertype",NA,NA,"3",NA,NA,NA
2,1,"6","2016-04-08 12:07:06.747",1460142426747285760,1460142393888,"action","1",NA,NA,NA,NA,NA
2,1,"6","2016-04-08 12:07:06.747",1460142426747478016,1460142393888,"action_owntype",NA,"3",NA,NA,NA,NA
2,1,"6","2016-04-08 12:07:06.748",1460142426747708160,1460142393888,"action_partnertype",NA,NA,"3",NA,NA,NA
2,1,"2","2016-04-08 12:07:07.298",1460142427297525760,1460142394438,"action","1",NA,NA,NA,NA,NA
2,1,"2","2016-04-08 12:07:07.298",1460142427297743872,1460142394438,"action_owntype",NA,"1",NA,NA,NA,NA
2,1,"2","2016-04-08 12:07:07.298",1460142427297982208,1460142394438,"action_partnertype",NA,NA,"1",NA,NA,NA
2,1,"11","2016-04-08 12:07:07.925",1460142427924703232,1460142395064,"action","1",NA,NA,NA,NA,NA
2,1,"11","2016-04-08 12:07:07.925",1460142427924929280,1460142395065,"action_owntype",NA,"1",NA,NA,NA,NA
2,1,"11","2016-04-08 12:07:07.925",1460142427925179392,1460142395065,"action_partnertype",NA,NA,"1",NA,NA,NA
2,1,"2","2016-04-08 12:07:08.194",1460142428193629184,1460142395324,"exit",NA,NA,NA,"2",NA,NA
2,1,"6","2016-04-08 12:07:08.194",1460142428193806336,1460142395326,"exit",NA,NA,NA,"6",NA,NA
2,1,"5","2016-04-08 12:07:08.194",1.460142428194e+18,1460142395329,"exit",NA,NA,NA,"5",NA,NA
2,1,"9","2016-04-08 12:07:08.206",1460142428206214400,1460142395346,"exit",NA,NA,NA,"9",NA,NA
2,1,"3","2016-04-08 12:07:08.210",1460142428209561856,1460142395351,"exit",NA,NA,NA,"3",NA,NA
2,1,"8","2016-04-08 12:07:08.210",1460142428209948928,1460142395348,"exit",NA,NA,NA,"8",NA,NA
2,1,"1","2016-04-08 12:07:08.210",1460142428210349824,1460142395350,"exit",NA,NA,NA,"1",NA,NA
2,1,"10","2016-04-08 12:07:08.211",1460142428210590208,1460142395348,"exit",NA,NA,NA,"10",NA,NA
2,1,"7","2016-04-08 12:07:08.215",1.460142428215e+18,1460142395356,"exit",NA,NA,NA,"7",NA,NA
2,1,"12","2016-04-08 12:07:08.215",1460142428215144448,1460142395354,"exit",NA,NA,NA,"12",NA,NA
2,1,"4","2016-04-08 12:07:08.301",1460142428300626432,1460142395429,"exit",NA,NA,NA,"4",NA,NA
2,1,"11","2016-04-08 12:07:08.318",1460142428317503744,1460142395441,"exit",NA,NA,NA,"11",NA,NA
3,1,"1","2016-04-08 12:07:27.519",1460142447519077376,1460142414662,"action","1",NA,NA,NA,NA,NA
3,1,"1","2016-04-08 12:07:27.519",1460142447519323648,1460142414662,"action_owntype",NA,"3",NA,NA,NA,NA
3,1,"1","2016-04-08 12:07:27.520",1460142447519573504,1460142414662,"action_partnertype",NA,NA,"2",NA,NA,NA
3,1,"2","2016-04-08 12:07:28.526",1460142448526080000,1460142415666,"action","1",NA,NA,NA,NA,NA
3,1,"2","2016-04-08 12:07:28.526",1460142448526289664,1460142415667,"action_owntype",NA,"1",NA,NA,NA,NA
3,1,"2","2016-04-08 12:07:28.527",1460142448526514944,1460142415667,"action_partnertype",NA,NA,"1",NA,NA,NA
3,1,"3","2016-04-08 12:07:29.674",1460142449674203136,1460142416817,"action","2",NA,NA,NA,NA,NA
3,1,"3","2016-04-08 12:07:29.674",1460142449674413312,1460142416817,"action_owntype",NA,"1",NA,NA,NA,NA
3,1,"3","2016-04-08 12:07:29.678",1460142449678424576,1460142416817,"action_partnertype",NA,NA,"3",NA,NA,NA
3,1,"4","2016-04-08 12:07:30.877",1460142450876959488,1460142418018,"action","2",NA,NA,NA,NA,NA
3,1,"4","2016-04-08 12:07:30.877",1460142450877174528,1460142418018,"action_owntype",NA,"1",NA,NA,NA,NA
3,1,"4","2016-04-08 12:07:30.877",1460142450877398272,1460142418018,"action_partnertype",NA,NA,"3",NA,NA,NA
3,1,"5","2016-04-08 12:07:31.915",1460142451914747392,1460142419057,"action","1",NA,NA,NA,NA,NA
3,1,"5","2016-04-08 12:07:31.915",1460142451914955264,1460142419057,"action_owntype",NA,"3",NA,NA,NA,NA
3,1,"5","2016-04-08 12:07:31.915",1460142451915179008,1460142419057,"action_partnertype",NA,NA,"1",NA,NA,NA
3,1,"6","2016-04-08 12:07:33.016",1460142453016249600,1460142420158,"action","1",NA,NA,NA,NA,NA
3,1,"6","2016-04-08 12:07:33.017",1460142453016524800,1460142420158,"action_owntype",NA,"2",NA,NA,NA,NA
3,1,"6","2016-04-08 12:07:33.019",1460142453019482112,1460142420158,"action_partnertype",NA,NA,"1",NA,NA,NA
3,1,"7","2016-04-08 12:07:33.977",1460142453976754176,1460142421117,"action","1",NA,NA,NA,NA,NA
3,1,"7","2016-04-08 12:07:33.977",1460142453976977920,1460142421117,"action_owntype",NA,"3",NA,NA,NA,NA
3,1,"7","2016-04-08 12:07:33.977",1460142453977208832,1460142421117,"action_partnertype",NA,NA,"1",NA,NA,NA
3,1,"8","2016-04-08 12:07:35.322",1460142455322202624,1460142422465,"action","1",NA,NA,NA,NA,NA
3,1,"8","2016-04-08 12:07:35.326",1460142455325952000,1460142422465,"action_owntype",NA,"1",NA,NA,NA,NA
3,1,"8","2016-04-08 12:07:35.326",1460142455326146816,1460142422465,"action_partnertype",NA,NA,"2",NA,NA,NA
3,1,"9","2016-04-08 12:07:36.444",1460142456444302592,1460142423587,"action","2",NA,NA,NA,NA,NA
3,1,"9","2016-04-08 12:07:36.445",1460142456444541440,1460142423587,"action_owntype",NA,"2",NA,NA,NA,NA
3,1,"9","2016-04-08 12:07:36.445",1460142456444766208,1460142423587,"action_partnertype",NA,NA,"3",NA,NA,NA
3,1,"10","2016-04-08 12:07:38.978",1460142458978361344,1460142426121,"action","1",NA,NA,NA,NA,NA
3,1,"10","2016-04-08 12:07:38.979",1460142458978567424,1460142426121,"action_owntype",NA,"3",NA,NA,NA,NA
3,1,"10","2016-04-08 12:07:38.982",1460142458982430720,1460142426121,"action_partnertype",NA,NA,"1",NA,NA,NA
3,1,"11","2016-04-08 12:07:40.032",1460142460031781120,1460142427171,"action","1",NA,NA,NA,NA,NA
3,1,"11","2016-04-08 12:07:40.032",1460142460032015104,1460142427171,"action_owntype",NA,"1",NA,NA,NA,NA
3,1,"11","2016-04-08 12:07:40.032",1460142460032256768,1460142427171,"action_partnertype",NA,NA,"1",NA,NA,NA
3,1,"12","2016-04-08 12:07:41.414",1460142461413636608,1460142428555,"action","2",NA,NA,NA,NA,NA
3,1,"12","2016-04-08 12:07:41.414",1460142461413847040,1460142428555,"action_owntype",NA,"1",NA,NA,NA,NA
3,1,"12","2016-04-08 12:07:41.414",1460142461414069248,1460142428555,"action_partnertype",NA,NA,"3",NA,NA,NA
3,1,"2","2016-04-08 12:07:42.527",1460142462527173888,1460142429666,"exit",NA,NA,NA,"2",NA,NA
3,1,"2","2016-04-08 12:07:42.527",1460142462527379712,1460142429666,"action","1",NA,NA,NA,NA,NA
3,1,"2","2016-04-08 12:07:42.531",1460142462531346944,1460142429666,"repeataction_owntype",NA,NA,NA,NA,"1",NA
3,1,"2","2016-04-08 12:07:42.532",1460142462531521280,1460142429666,"repeataction_partnertype",NA,NA,NA,NA,NA,"1"
3,1,"6","2016-04-08 12:07:43.060",1460142463059979520,1460142430201,"exit",NA,NA,NA,"6",NA,NA
3,1,"6","2016-04-08 12:07:43.060",1460142463060197632,1460142430201,"action","1",NA,NA,NA,NA,NA
3,1,"6","2016-04-08 12:07:43.060",1460142463060440320,1460142430201,"repeataction_owntype",NA,NA,NA,NA,"2",NA
3,1,"6","2016-04-08 12:07:43.061",1460142463060631296,1460142430201,"repeataction_partnertype",NA,NA,NA,NA,NA,"1"
3,1,"11","2016-04-08 12:07:43.550",1460142463550424064,1460142430689,"exit",NA,NA,NA,"11",NA,NA
3,1,"11","2016-04-08 12:07:43.551",1460142463550631424,1460142430689,"action","1",NA,NA,NA,NA,NA
3,1,"11","2016-04-08 12:07:43.551",1460142463550870272,1460142430689,"repeataction_owntype",NA,NA,NA,NA,"1",NA
3,1,"11","2016-04-08 12:07:43.551",1460142463551058944,1460142430689,"repeataction_partnertype",NA,NA,NA,NA,NA,"1"
3,1,"8","2016-04-08 12:07:44.072",1460142464071666176,1460142431213,"exit",NA,NA,NA,"8",NA,NA
3,1,"8","2016-04-08 12:07:44.072",1460142464071886592,1460142431213,"action","1",NA,NA,NA,NA,NA
3,1,"8","2016-04-08 12:07:44.072",1460142464072138752,1460142431213,"repeataction_owntype",NA,NA,NA,NA,"1",NA
3,1,"8","2016-04-08 12:07:44.072",1460142464072347392,1460142431213,"repeataction_partnertype",NA,NA,NA,NA,NA,"2"
3,1,"9","2016-04-08 12:07:48.804",1460142468803683072,1460142435942,"action","1",NA,NA,NA,NA,NA
3,1,"9","2016-04-08 12:07:48.804",1460142468803901440,1460142435942,"action_owntype",NA,"2",NA,NA,NA,NA
3,1,"9","2016-04-08 12:07:48.804",1460142468804132352,1460142435942,"action_partnertype",NA,NA,"3",NA,NA,NA
3,1,"5","2016-04-08 12:07:49.452",1460142469451911680,1460142436574,"action","1",NA,NA,NA,NA,NA
3,1,"5","2016-04-08 12:07:49.452",1460142469452121344,1460142436574,"action_owntype",NA,"3",NA,NA,NA,NA
3,1,"5","2016-04-08 12:07:49.452",1460142469452361728,1460142436574,"action_partnertype",NA,NA,"2",NA,NA,NA
3,1,"3","2016-04-08 12:07:49.968",1460142469968268544,1460142437108,"action","1",NA,NA,NA,NA,NA
3,1,"3","2016-04-08 12:07:49.968",1460142469968489984,1460142437108,"action_owntype",NA,"1",NA,NA,NA,NA
3,1,"3","2016-04-08 12:07:49.969",1460142469968718848,1460142437108,"action_partnertype",NA,NA,"3",NA,NA,NA
3,1,"12","2016-04-08 12:07:50.518",1460142470517822464,1460142437659,"action","1",NA,NA,NA,NA,NA
3,1,"12","2016-04-08 12:07:50.518",1460142470518036480,1460142437659,"action_owntype",NA,"1",NA,NA,NA,NA
3,1,"12","2016-04-08 12:07:50.523",1460142470522653440,1460142437659,"action_partnertype",NA,NA,"1",NA,NA,NA
3,1,"7","2016-04-08 12:07:51.104",1460142471104144640,1460142438245,"action","1",NA,NA,NA,NA,NA
3,1,"7","2016-04-08 12:07:51.104",1460142471104354560,1460142438245,"action_owntype",NA,"3",NA,NA,NA,NA
3,1,"7","2016-04-08 12:07:51.105",1460142471104581888,1460142438245,"action_partnertype",NA,NA,"1",NA,NA,NA
3,1,"10","2016-04-08 12:07:51.808",1460142471807876864,1460142438945,"action","1",NA,NA,NA,NA,NA
3,1,"10","2016-04-08 12:07:51.808",1460142471808088064,1460142438945,"action_owntype",NA,"3",NA,NA,NA,NA
3,1,"10","2016-04-08 12:07:51.808",1460142471808338176,1460142438945,"action_partnertype",NA,NA,"3",NA,NA,NA
3,1,"4","2016-04-08 12:07:52.452",1460142472452017152,1460142439581,"action","1",NA,NA,NA,NA,NA
3,1,"4","2016-04-08 12:07:52.452",1460142472452226816,1460142439581,"action_owntype",NA,"1",NA,NA,NA,NA
3,1,"4","2016-04-08 12:07:52.452",1460142472452461056,1460142439581,"action_partnertype",NA,NA,"1",NA,NA,NA
3,1,"1","2016-04-08 12:07:53.122",1460142473121752320,1460142440263,"action","1",NA,NA,NA,NA,NA
3,1,"1","2016-04-08 12:07:53.122",1460142473121977600,1460142440263,"action_owntype",NA,"3",NA,NA,NA,NA
3,1,"1","2016-04-08 12:07:53.122",1460142473122235136,1460142440263,"action_partnertype",NA,NA,"3",NA,NA,NA
3,1,"2","2016-04-08 12:07:53.403",1460142473403381504,1460142440526,"exit",NA,NA,NA,"2",NA,NA
3,1,"8","2016-04-08 12:07:53.404",1460142473403576320,1460142440532,"exit",NA,NA,NA,"8",NA,NA
3,1,"3","2016-04-08 12:07:53.404",1460142473403777024,1460142440528,"exit",NA,NA,NA,"3",NA,NA
3,1,"6","2016-04-08 12:07:53.404",1460142473403956480,1460142440525,"exit",NA,NA,NA,"6",NA,NA
3,1,"7","2016-04-08 12:07:53.412",1460142473411959808,1460142440550,"exit",NA,NA,NA,"7",NA,NA
3,1,"11","2016-04-08 12:07:53.412",1460142473412098048,1460142440549,"exit",NA,NA,NA,"11",NA,NA
3,1,"4","2016-04-08 12:07:53.416",1460142473416127744,1460142440554,"exit",NA,NA,NA,"4",NA,NA
3,1,"12","2016-04-08 12:07:53.416",1460142473416257792,1460142440551,"exit",NA,NA,NA,"12",NA,NA
3,1,"1","2016-04-08 12:07:53.476",1460142473476308736,1460142440614,"exit",NA,NA,NA,"1",NA,NA
3,1,"10","2016-04-08 12:07:53.477",1460142473476522496,1460142440612,"exit",NA,NA,NA,"10",NA,NA
3,1,"9","2016-04-08 12:07:53.477",1460142473476715008,1460142440612,"exit",NA,NA,NA,"9",NA,NA
4,1,"1","2016-04-08 12:08:40.385",1460142520385127936,1460142487520,"action","1",NA,NA,NA,NA,NA
4,1,"1","2016-04-08 12:08:40.385",1460142520385354240,1460142487520,"action_owntype",NA,"2",NA,NA,NA,NA
4,1,"1","2016-04-08 12:08:40.386",1460142520385621248,1460142487520,"action_partnertype",NA,NA,"1",NA,NA,NA
4,1,"2","2016-04-08 12:08:42.232",1460142522232090112,1460142489349,"action","1",NA,NA,NA,NA,NA
4,1,"2","2016-04-08 12:08:42.232",1460142522232320512,1460142489350,"action_owntype",NA,"3",NA,NA,NA,NA
4,1,"2","2016-04-08 12:08:42.233",1460142522232560384,1460142489350,"action_partnertype",NA,NA,"2",NA,NA,NA
4,1,"3","2016-04-08 12:08:43.590",1460142523590316032,1460142490727,"action","2",NA,NA,NA,NA,NA
4,1,"3","2016-04-08 12:08:43.591",1460142523590545152,1460142490727,"action_owntype",NA,"1",NA,NA,NA,NA
4,1,"3","2016-04-08 12:08:43.591",1460142523590773504,1460142490728,"action_partnertype",NA,NA,"3",NA,NA,NA
4,1,"4","2016-04-08 12:08:44.572",1460142524571702016,1460142491708,"action","2",NA,NA,NA,NA,NA
4,1,"4","2016-04-08 12:08:44.572",1460142524571912704,1460142491708,"action_owntype",NA,"1",NA,NA,NA,NA
4,1,"4","2016-04-08 12:08:44.572",1460142524572129536,1460142491708,"action_partnertype",NA,NA,"3",NA,NA,NA
4,1,"5","2016-04-08 12:08:45.648",1460142525647565056,1460142492786,"action","1",NA,NA,NA,NA,NA
4,1,"5","2016-04-08 12:08:45.648",1460142525647791360,1460142492786,"action_owntype",NA,"3",NA,NA,NA,NA
4,1,"5","2016-04-08 12:08:45.648",1460142525648035328,1460142492786,"action_partnertype",NA,NA,"1",NA,NA,NA
4,1,"6","2016-04-08 12:08:46.556",1460142526555535104,1460142493695,"action","1",NA,NA,NA,NA,NA
4,1,"6","2016-04-08 12:08:46.556",1460142526555784960,1460142493695,"action_owntype",NA,"1",NA,NA,NA,NA
4,1,"6","2016-04-08 12:08:46.560",1460142526559580928,1460142493695,"action_partnertype",NA,NA,"1",NA,NA,NA
4,1,"7","2016-04-08 12:08:47.676",1460142527676466688,1460142494813,"action","2",NA,NA,NA,NA,NA
4,1,"7","2016-04-08 12:08:47.677",1460142527676692480,1460142494814,"action_owntype",NA,"2",NA,NA,NA,NA
4,1,"7","2016-04-08 12:08:47.677",1460142527676930816,1460142494814,"action_partnertype",NA,NA,"3",NA,NA,NA
4,1,"8","2016-04-08 12:08:48.687",1460142528687125760,1460142495822,"action","1",NA,NA,NA,NA,NA
4,1,"8","2016-04-08 12:08:48.687",1460142528687339776,1460142495823,"action_owntype",NA,"3",NA,NA,NA,NA
4,1,"8","2016-04-08 12:08:48.688",1460142528687568384,1460142495823,"action_partnertype",NA,NA,"1",NA,NA,NA
4,1,"9","2016-04-08 12:08:49.650",1460142529650308352,1460142496785,"action","1",NA,NA,NA,NA,NA
4,1,"9","2016-04-08 12:08:49.651",1460142529650554880,1460142496785,"action_owntype",NA,"1",NA,NA,NA,NA
4,1,"9","2016-04-08 12:08:49.651",1460142529650778624,1460142496786,"action_partnertype",NA,NA,"1",NA,NA,NA
4,1,"10","2016-04-08 12:08:50.908",1460142530908462336,1460142498015,"action","2",NA,NA,NA,NA,NA
4,1,"10","2016-04-08 12:08:50.909",1460142530908670720,1460142498015,"action_owntype",NA,"1",NA,NA,NA,NA
4,1,"10","2016-04-08 12:08:50.909",1460142530908915968,1460142498015,"action_partnertype",NA,NA,"3",NA,NA,NA
4,1,"11","2016-04-08 12:08:52.271",1460142532271248128,1460142499407,"action","1",NA,NA,NA,NA,NA
4,1,"11","2016-04-08 12:08:52.271",1460142532271467264,1460142499407,"action_owntype",NA,"1",NA,NA,NA,NA
4,1,"11","2016-04-08 12:08:52.272",1460142532271726080,1460142499407,"action_partnertype",NA,NA,"2",NA,NA,NA
4,1,"12","2016-04-08 12:08:53.228",1460142533228240384,1460142500363,"action","1",NA,NA,NA,NA,NA
4,1,"12","2016-04-08 12:08:53.228",1460142533228448512,1460142500363,"action_owntype",NA,"3",NA,NA,NA,NA
4,1,"12","2016-04-08 12:08:53.229",1460142533228666368,1460142500363,"action_partnertype",NA,NA,"1",NA,NA,NA
4,1,"9","2016-04-08 12:08:54.393",1460142534392760832,1460142501528,"exit",NA,NA,NA,"9",NA,NA
4,1,"9","2016-04-08 12:08:54.393",1460142534392989952,1460142501528,"action","1",NA,NA,NA,NA,NA
4,1,"9","2016-04-08 12:08:54.393",1460142534393223680,1460142501528,"repeataction_owntype",NA,NA,NA,NA,"1",NA
4,1,"9","2016-04-08 12:08:54.393",1460142534393426176,1460142501528,"repeataction_partnertype",NA,NA,NA,NA,NA,"1"
4,1,"6","2016-04-08 12:08:54.860",1460142534860130048,1460142501997,"exit",NA,NA,NA,"6",NA,NA
4,1,"6","2016-04-08 12:08:54.860",1460142534860349440,1460142501997,"action","1",NA,NA,NA,NA,NA
4,1,"6","2016-04-08 12:08:54.861",1460142534860564736,1460142501997,"repeataction_owntype",NA,NA,NA,NA,"1",NA
4,1,"6","2016-04-08 12:08:54.861",1460142534860751360,1460142501997,"repeataction_partnertype",NA,NA,NA,NA,NA,"1"
4,1,"1","2016-04-08 12:08:55.330",1460142535330049024,1460142502463,"exit",NA,NA,NA,"1",NA,NA
4,1,"1","2016-04-08 12:08:55.330",1460142535330259456,1460142502463,"action","1",NA,NA,NA,NA,NA
4,1,"1","2016-04-08 12:08:55.330",1460142535330474752,1460142502463,"repeataction_owntype",NA,NA,NA,NA,"2",NA
4,1,"1","2016-04-08 12:08:55.331",1460142535330664192,1460142502463,"repeataction_partnertype",NA,NA,NA,NA,NA,"1"
4,1,"11","2016-04-08 12:08:55.794",1460142535794345728,1460142502931,"exit",NA,NA,NA,"11",NA,NA
4,1,"11","2016-04-08 12:08:55.795",1460142535794561536,1460142502931,"action","1",NA,NA,NA,NA,NA
4,1,"11","2016-04-08 12:08:55.795",1460142535794798080,1460142502931,"repeataction_owntype",NA,NA,NA,NA,"1",NA
4,1,"11","2016-04-08 12:08:55.795",1.460142535795e+18,1460142502931,"repeataction_partnertype",NA,NA,NA,NA,NA,"2"
4,1,"7","2016-04-08 12:09:01.311",1460142541310712832,1460142508446,"action","1",NA,NA,NA,NA,NA
4,1,"7","2016-04-08 12:09:01.311",1460142541310927104,1460142508446,"action_owntype",NA,"2",NA,NA,NA,NA
4,1,"7","2016-04-08 12:09:01.311",1460142541311175680,1460142508446,"action_partnertype",NA,NA,"1",NA,NA,NA
4,1,"5","2016-04-08 12:09:02.164",1460142542163754752,1460142509297,"action","1",NA,NA,NA,NA,NA
4,1,"5","2016-04-08 12:09:02.164",1460142542163962624,1460142509297,"action_owntype",NA,"3",NA,NA,NA,NA
4,1,"5","2016-04-08 12:09:02.164",1460142542164198656,1460142509297,"action_partnertype",NA,NA,"3",NA,NA,NA
4,1,"12","2016-04-08 12:09:02.952",1460142542951887616,1460142510086,"action","1",NA,NA,NA,NA,NA
4,1,"12","2016-04-08 12:09:02.952",1460142542952099328,1460142510086,"action_owntype",NA,"3",NA,NA,NA,NA
4,1,"12","2016-04-08 12:09:02.952",1460142542952329984,1460142510086,"action_partnertype",NA,NA,"3",NA,NA,NA
4,1,"8","2016-04-08 12:09:03.792",1460142543792051456,1460142510915,"action","1",NA,NA,NA,NA,NA
4,1,"8","2016-04-08 12:09:03.792",1460142543792262912,1460142510916,"action_owntype",NA,"3",NA,NA,NA,NA
4,1,"8","2016-04-08 12:09:03.792",1460142543792481536,1460142510916,"action_partnertype",NA,NA,"3",NA,NA,NA
4,1,"2","2016-04-08 12:09:04.471",1460142544471267584,1460142511607,"action","1",NA,NA,NA,NA,NA
4,1,"2","2016-04-08 12:09:04.472",1460142544471517440,1460142511607,"action_owntype",NA,"3",NA,NA,NA,NA
4,1,"2","2016-04-08 12:09:04.472",1460142544471778560,1460142511607,"action_partnertype",NA,NA,"3",NA,NA,NA
4,1,"4","2016-04-08 12:09:05.300",1460142545299648768,1460142512435,"action","1",NA,NA,NA,NA,NA
4,1,"4","2016-04-08 12:09:05.300",1460142545299861504,1460142512435,"action_owntype",NA,"1",NA,NA,NA,NA
4,1,"4","2016-04-08 12:09:05.300",1460142545300102400,1460142512435,"action_partnertype",NA,NA,"1",NA,NA,NA
4,1,"3","2016-04-08 12:09:06.060",1460142546060274432,1460142513194,"action","1",NA,NA,NA,NA,NA
4,1,"3","2016-04-08 12:09:06.060",1460142546060494592,1460142513194,"action_owntype",NA,"1",NA,NA,NA,NA
4,1,"3","2016-04-08 12:09:06.061",1460142546060736000,1460142513194,"action_partnertype",NA,NA,"2",NA,NA,NA
4,1,"10","2016-04-08 12:09:06.802",1460142546802057472,1460142513937,"action","1",NA,NA,NA,NA,NA
4,1,"10","2016-04-08 12:09:06.802",1460142546802274560,1460142513937,"action_owntype",NA,"1",NA,NA,NA,NA
4,1,"10","2016-04-08 12:09:06.803",1460142546802502912,1460142513937,"action_partnertype",NA,NA,"1",NA,NA,NA
4,1,"3","2016-04-08 12:09:07.050",1460142547049825792,1460142514187,"exit",NA,NA,NA,"3",NA,NA
4,1,"10","2016-04-08 12:09:07.058",1460142547057971968,1460142514191,"exit",NA,NA,NA,"10",NA,NA
4,1,"4","2016-04-08 12:09:07.066",1460142547065777920,1460142514194,"exit",NA,NA,NA,"4",NA,NA
4,1,"9","2016-04-08 12:09:07.067",1460142547066744832,1460142514192,"exit",NA,NA,NA,"9",NA,NA
4,1,"8","2016-04-08 12:09:07.074",1460142547073640448,1460142514208,"exit",NA,NA,NA,"8",NA,NA
4,1,"2","2016-04-08 12:09:07.074",1460142547074379776,1460142514205,"exit",NA,NA,NA,"2",NA,NA
4,1,"7","2016-04-08 12:09:07.075",1460142547074685184,1460142514207,"exit",NA,NA,NA,"7",NA,NA
4,1,"11","2016-04-08 12:09:07.075",1460142547074887936,1460142514204,"exit",NA,NA,NA,"11",NA,NA
4,1,"1","2016-04-08 12:09:07.075",1460142547075073536,1460142514211,"exit",NA,NA,NA,"1",NA,NA
4,1,"6","2016-04-08 12:09:07.075",1460142547075263488,1460142514212,"exit",NA,NA,NA,"6",NA,NA
4,1,"12","2016-04-08 12:09:07.153",1460142547153085952,1460142514283,"exit",NA,NA,NA,"12",NA,NA
4,1,"5","2016-04-08 12:09:07.161",1460142547161367552,1460142514284,"exit",NA,NA,NA,"5",NA,NA
5,1,"2","2016-04-08 12:09:25.107",1460142565107244032,1460142532239,"action","1",NA,NA,NA,NA,NA
5,1,"2","2016-04-08 12:09:25.107",1460142565107458304,1460142532239,"action_owntype",NA,"1",NA,NA,NA,NA
5,1,"2","2016-04-08 12:09:25.108",1460142565107702272,1460142532239,"action_partnertype",NA,NA,"1",NA,NA,NA
5,1,"3","2016-04-08 12:09:26.878",1460142566878163200,1460142534005,"action","1",NA,NA,NA,NA,NA
5,1,"3","2016-04-08 12:09:26.878",1460142566878373632,1460142534005,"action_owntype",NA,"3",NA,NA,NA,NA
5,1,"3","2016-04-08 12:09:26.879",1460142566878598144,1460142534005,"action_partnertype",NA,NA,"2",NA,NA,NA
5,1,"4","2016-04-08 12:09:28.226",1460142568225688064,1460142535351,"action","1",NA,NA,NA,NA,NA
5,1,"4","2016-04-08 12:09:28.226",1460142568225896960,1460142535352,"action_owntype",NA,"1",NA,NA,NA,NA
5,1,"4","2016-04-08 12:09:28.226",1460142568226112256,1460142535352,"action_partnertype",NA,NA,"1",NA,NA,NA
5,1,"5","2016-04-08 12:09:29.338",1460142569338255872,1460142536472,"action","1",NA,NA,NA,NA,NA
5,1,"5","2016-04-08 12:09:29.339",1460142569338529792,1460142536472,"action_owntype",NA,"3",NA,NA,NA,NA
5,1,"5","2016-04-08 12:09:29.339",1460142569338751744,1460142536472,"action_partnertype",NA,NA,"1",NA,NA,NA
5,1,"6","2016-04-08 12:09:30.548",1460142570547956992,1460142537682,"action","2",NA,NA,NA,NA,NA
5,1,"6","2016-04-08 12:09:30.548",1460142570548168704,1460142537683,"action_owntype",NA,"1",NA,NA,NA,NA
5,1,"6","2016-04-08 12:09:30.548",1460142570548432640,1460142537683,"action_partnertype",NA,NA,"3",NA,NA,NA
5,1,"7","2016-04-08 12:09:32.573",1460142572574483456,1460142539684,"action","2",NA,NA,NA,NA,NA
5,1,"7","2016-04-08 12:09:32.575",1460142572574710016,1460142539684,"action_owntype",NA,"1",NA,NA,NA,NA
5,1,"7","2016-04-08 12:09:32.575",1460142572574928896,1460142539684,"action_partnertype",NA,NA,"3",NA,NA,NA
5,1,"8","2016-04-08 12:09:34.635",1460142574634945280,1460142541765,"action","1",NA,NA,NA,NA,NA
5,1,"8","2016-04-08 12:09:34.635",1460142574635167744,1460142541765,"action_owntype",NA,"3",NA,NA,NA,NA
5,1,"8","2016-04-08 12:09:34.635",1460142574635379712,1460142541765,"action_partnertype",NA,NA,"2",NA,NA,NA
5,1,"9","2016-04-08 12:09:35.820",1460142575820267008,1460142542871,"action","1",NA,NA,NA,NA,NA
5,1,"9","2016-04-08 12:09:35.820",1460142575820494848,1460142542871,"action_owntype",NA,"3",NA,NA,NA,NA
5,1,"9","2016-04-08 12:09:35.821",1460142575820742656,1460142542871,"action_partnertype",NA,NA,"1",NA,NA,NA
5,1,"10","2016-04-08 12:09:36.691",1460142576691436288,1460142543826,"action","1",NA,NA,NA,NA,NA
5,1,"10","2016-04-08 12:09:36.692",1460142576691662848,1460142543826,"action_owntype",NA,"1",NA,NA,NA,NA
5,1,"10","2016-04-08 12:09:36.704",1460142576704096768,1460142543826,"action_partnertype",NA,NA,"1",NA,NA,NA
5,1,"11","2016-04-08 12:09:38.074",1460142578073932288,1460142545056,"action","2",NA,NA,NA,NA,NA
5,1,"11","2016-04-08 12:09:38.074",1460142578074167296,1460142545057,"action_owntype",NA,"2",NA,NA,NA,NA
5,1,"11","2016-04-08 12:09:38.074",1460142578074392320,1460142545057,"action_partnertype",NA,NA,"3",NA,NA,NA
5,1,"12","2016-04-08 12:09:39.128",1460142579127686144,1460142546261,"action","1",NA,NA,NA,NA,NA
5,1,"12","2016-04-08 12:09:39.166",1460142579165947904,1460142546261,"action_owntype",NA,"1",NA,NA,NA,NA
5,1,"12","2016-04-08 12:09:39.166",1460142579166135808,1460142546261,"action_partnertype",NA,NA,"1",NA,NA,NA
5,1,"1","2016-04-08 12:09:45.839",1460142585838560768,1460142552964,"action","2",NA,NA,NA,NA,NA
5,1,"1","2016-04-08 12:09:45.839",1460142585838800128,1460142552964,"action_owntype",NA,"2",NA,NA,NA,NA
5,1,"1","2016-04-08 12:09:45.852",1460142585851684864,1460142552964,"action_partnertype",NA,NA,"3",NA,NA,NA
5,1,"12","2016-04-08 12:09:46.960",1460142586960220160,1460142554083,"exit",NA,NA,NA,"12",NA,NA
5,1,"12","2016-04-08 12:09:46.960",1460142586960441344,1460142554083,"action","1",NA,NA,NA,NA,NA
5,1,"12","2016-04-08 12:09:46.961",1460142586960663296,1460142554083,"repeataction_owntype",NA,NA,NA,NA,"1",NA
5,1,"12","2016-04-08 12:09:46.961",1460142586960896768,1460142554083,"repeataction_partnertype",NA,NA,NA,NA,NA,"1"
5,1,"2","2016-04-08 12:09:47.481",1460142587481208064,1460142554616,"exit",NA,NA,NA,"2",NA,NA
5,1,"2","2016-04-08 12:09:47.481",1460142587481414400,1460142554617,"action","1",NA,NA,NA,NA,NA
5,1,"2","2016-04-08 12:09:47.485",1460142587485202432,1460142554617,"repeataction_owntype",NA,NA,NA,NA,"1",NA
5,1,"2","2016-04-08 12:09:47.486",1460142587485531136,1460142554617,"repeataction_partnertype",NA,NA,NA,NA,NA,"1"
5,1,"4","2016-04-08 12:09:48.019",1460142588018631424,1460142555138,"exit",NA,NA,NA,"4",NA,NA
5,1,"4","2016-04-08 12:09:48.019",1460142588018838272,1460142555138,"action","1",NA,NA,NA,NA,NA
5,1,"4","2016-04-08 12:09:48.053",1460142588052617216,1460142555138,"repeataction_owntype",NA,NA,NA,NA,"1",NA
5,1,"4","2016-04-08 12:09:48.053",1460142588052798208,1460142555138,"repeataction_partnertype",NA,NA,NA,NA,NA,"1"
5,1,"10","2016-04-08 12:09:48.657",1460142588657408512,1460142555793,"exit",NA,NA,NA,"10",NA,NA
5,1,"10","2016-04-08 12:09:48.658",1460142588657618432,1460142555793,"action","1",NA,NA,NA,NA,NA
5,1,"10","2016-04-08 12:09:48.662",1460142588661702400,1460142555793,"repeataction_owntype",NA,NA,NA,NA,"1",NA
5,1,"10","2016-04-08 12:09:48.662",1460142588661905408,1460142555793,"repeataction_partnertype",NA,NA,NA,NA,NA,"1"
5,1,"8","2016-04-08 12:09:54.725",1460142594724701184,1460142561856,"action","1",NA,NA,NA,NA,NA
5,1,"8","2016-04-08 12:09:54.725",1460142594724913408,1460142561856,"action_owntype",NA,"3",NA,NA,NA,NA
5,1,"8","2016-04-08 12:09:54.725",1460142594725168384,1460142561856,"action_partnertype",NA,NA,"2",NA,NA,NA
5,1,"3","2016-04-08 12:09:55.364",1460142595364225792,1460142562476,"action","1",NA,NA,NA,NA,NA
5,1,"3","2016-04-08 12:09:55.365",1460142595364538112,1460142562476,"action_owntype",NA,"3",NA,NA,NA,NA
5,1,"3","2016-04-08 12:09:55.368",1460142595368164352,1460142562476,"action_partnertype",NA,NA,"3",NA,NA,NA
5,1,"5","2016-04-08 12:09:56.098",1460142596098253056,1460142563209,"action","1",NA,NA,NA,NA,NA
5,1,"5","2016-04-08 12:09:56.098",1460142596098459648,1460142563209,"action_owntype",NA,"3",NA,NA,NA,NA
5,1,"5","2016-04-08 12:09:56.115",1460142596115081472,1460142563209,"action_partnertype",NA,NA,"2",NA,NA,NA
5,1,"9","2016-04-08 12:09:56.714",1460142596713567232,1460142563812,"action","1",NA,NA,NA,NA,NA
5,1,"9","2016-04-08 12:09:56.714",1460142596713775104,1460142563812,"action_owntype",NA,"3",NA,NA,NA,NA
5,1,"9","2016-04-08 12:09:56.717",1460142596717123840,1460142563813,"action_partnertype",NA,NA,"3",NA,NA,NA
5,1,"7","2016-04-08 12:09:57.412",1460142597411618304,1460142564546,"action","1",NA,NA,NA,NA,NA
5,1,"7","2016-04-08 12:09:57.416",1460142597415810304,1460142564546,"action_owntype",NA,"1",NA,NA,NA,NA
5,1,"7","2016-04-08 12:09:57.416",1.460142597416e+18,1460142564546,"action_partnertype",NA,NA,"1",NA,NA,NA
5,1,"1","2016-04-08 12:09:58.088",1460142598088186368,1460142565160,"action","1",NA,NA,NA,NA,NA
5,1,"1","2016-04-08 12:09:58.088",1460142598088393984,1460142565160,"action_owntype",NA,"2",NA,NA,NA,NA
5,1,"1","2016-04-08 12:09:58.089",1460142598088614656,1460142565160,"action_partnertype",NA,NA,"3",NA,NA,NA
5,1,"6","2016-04-08 12:09:58.721",1460142598720608000,1460142565769,"action","1",NA,NA,NA,NA,NA
5,1,"6","2016-04-08 12:09:58.721",1460142598720816896,1460142565769,"action_owntype",NA,"1",NA,NA,NA,NA
5,1,"6","2016-04-08 12:09:58.721",1460142598721058816,1460142565769,"action_partnertype",NA,NA,"1",NA,NA,NA
5,1,"11","2016-04-08 12:09:59.233",1460142599232761600,1460142566366,"action","1",NA,NA,NA,NA,NA
5,1,"11","2016-04-08 12:09:59.233",1460142599232938240,1460142566366,"action_owntype",NA,"2",NA,NA,NA,NA
5,1,"11","2016-04-08 12:09:59.237",1460142599236987904,1460142566366,"action_partnertype",NA,NA,"3",NA,NA,NA
5,1,"12","2016-04-08 12:09:59.574",1460142599573984768,1460142566686,"exit",NA,NA,NA,"12",NA,NA
5,1,"7","2016-04-08 12:09:59.578",1460142599578329088,1460142566694,"exit",NA,NA,NA,"7",NA,NA
5,1,"11","2016-04-08 12:09:59.578",1460142599578487808,1460142566696,"exit",NA,NA,NA,"11",NA,NA
5,1,"9","2016-04-08 12:09:59.582",1460142599581694464,1460142566699,"exit",NA,NA,NA,"9",NA,NA
5,1,"1","2016-04-08 12:09:59.582",1.460142599582e+18,1460142566707,"exit",NA,NA,NA,"1",NA,NA
5,1,"2","2016-04-08 12:09:59.595",1460142599594602496,1460142566699,"exit",NA,NA,NA,"2",NA,NA
5,1,"6","2016-04-08 12:09:59.676",1460142599676292608,1460142566808,"exit",NA,NA,NA,"6",NA,NA
5,1,"5","2016-04-08 12:09:59.677",1460142599676794880,1460142566801,"exit",NA,NA,NA,"5",NA,NA
5,1,"4","2016-04-08 12:09:59.677",1460142599676987648,1460142566806,"exit",NA,NA,NA,"4",NA,NA
5,1,"8","2016-04-08 12:09:59.677",1460142599677172736,1460142566804,"exit",NA,NA,NA,"8",NA,NA
5,1,"3","2016-04-08 12:09:59.677",1460142599677351424,1460142566801,"exit",NA,NA,NA,"3",NA,NA
5,1,"10","2016-04-08 12:09:59.681",1460142599680667136,1460142566810,"exit",NA,NA,NA,"10",NA,NA
6,1,"11","2016-04-08 12:10:48.875",1460142648875476480,1460142616003,"action","1",NA,NA,NA,NA,NA
6,1,"11","2016-04-08 12:10:48.876",1460142648875706880,1460142616003,"action_owntype",NA,"3",NA,NA,NA,NA
6,1,"11","2016-04-08 12:10:48.876",1460142648875946496,1460142616003,"action_partnertype",NA,NA,"1",NA,NA,NA
6,1,"12","2016-04-08 12:10:50.995",1460142650995321088,1460142618126,"action","1",NA,NA,NA,NA,NA
6,1,"12","2016-04-08 12:10:50.996",1460142650995614464,1460142618126,"action_owntype",NA,"3",NA,NA,NA,NA
6,1,"12","2016-04-08 12:10:50.996",1460142650995838976,1460142618126,"action_partnertype",NA,NA,"1",NA,NA,NA
6,1,"10","2016-04-08 12:10:52.638",1460142652638375680,1460142619766,"action","1",NA,NA,NA,NA,NA
6,1,"10","2016-04-08 12:10:52.639",1460142652638576128,1460142619766,"action_owntype",NA,"1",NA,NA,NA,NA
6,1,"10","2016-04-08 12:10:52.639",1460142652638799360,1460142619766,"action_partnertype",NA,NA,"2",NA,NA,NA
6,1,"9","2016-04-08 12:10:53.560",1460142653559602432,1460142620691,"action","1",NA,NA,NA,NA,NA
6,1,"9","2016-04-08 12:10:53.560",1460142653559815936,1460142620691,"action_owntype",NA,"1",NA,NA,NA,NA
6,1,"9","2016-04-08 12:10:53.564",1460142653563901184,1460142620692,"action_partnertype",NA,NA,"1",NA,NA,NA
6,1,"8","2016-04-08 12:10:54.793",1460142654793079808,1460142621920,"action","2",NA,NA,NA,NA,NA
6,1,"8","2016-04-08 12:10:54.793",1460142654793307392,1460142621920,"action_owntype",NA,"1",NA,NA,NA,NA
6,1,"8","2016-04-08 12:10:54.794",1460142654793537280,1460142621920,"action_partnertype",NA,NA,"3",NA,NA,NA
6,1,"7","2016-04-08 12:10:56.205",1460142656205126144,1460142623325,"action","2",NA,NA,NA,NA,NA
6,1,"7","2016-04-08 12:10:56.205",1460142656205354240,1460142623325,"action_owntype",NA,"2",NA,NA,NA,NA
6,1,"7","2016-04-08 12:10:56.206",1460142656205603584,1460142623325,"action_partnertype",NA,NA,"3",NA,NA,NA
6,1,"6","2016-04-08 12:10:57.808",1460142657807956224,1460142624937,"action","2",NA,NA,NA,NA,NA
6,1,"6","2016-04-08 12:10:57.808",1460142657808169984,1460142624938,"action_owntype",NA,"1",NA,NA,NA,NA
6,1,"6","2016-04-08 12:10:57.808",1460142657808412928,1460142624938,"action_partnertype",NA,NA,"3",NA,NA,NA
6,1,"5","2016-04-08 12:10:58.903",1460142658903162624,1460142626024,"action","1",NA,NA,NA,NA,NA
6,1,"5","2016-04-08 12:10:58.903",1460142658903385600,1460142626024,"action_owntype",NA,"2",NA,NA,NA,NA
6,1,"5","2016-04-08 12:10:58.907",1460142658907074304,1460142626024,"action_partnertype",NA,NA,"1",NA,NA,NA
6,1,"4","2016-04-08 12:11:00.125",1460142660125060608,1460142627257,"action","2",NA,NA,NA,NA,NA
6,1,"4","2016-04-08 12:11:00.125",1460142660125274368,1460142627257,"action_owntype",NA,"1",NA,NA,NA,NA
6,1,"4","2016-04-08 12:11:00.126",1460142660125514752,1460142627257,"action_partnertype",NA,NA,"3",NA,NA,NA
6,1,"3","2016-04-08 12:11:01.335",1460142661334697216,1460142628465,"action","1",NA,NA,NA,NA,NA
6,1,"3","2016-04-08 12:11:01.335",1460142661334929664,1460142628466,"action_owntype",NA,"1",NA,NA,NA,NA
6,1,"3","2016-04-08 12:11:01.335",1460142661335158272,1460142628466,"action_partnertype",NA,NA,"1",NA,NA,NA
6,1,"2","2016-04-08 12:11:03.956",1460142663955850496,1460142631084,"action","1",NA,NA,NA,NA,NA
6,1,"2","2016-04-08 12:11:03.956",1460142663956061440,1460142631084,"action_owntype",NA,"3",NA,NA,NA,NA
6,1,"2","2016-04-08 12:11:03.956",1460142663956282368,1460142631084,"action_partnertype",NA,NA,"2",NA,NA,NA
6,1,"1","2016-04-08 12:11:05.081",1460142665081220608,1460142632211,"action","1",NA,NA,NA,NA,NA
6,1,"1","2016-04-08 12:11:05.081",1460142665081472512,1460142632211,"action_owntype",NA,"3",NA,NA,NA,NA
6,1,"1","2016-04-08 12:11:05.082",1460142665081710848,1460142632211,"action_partnertype",NA,NA,"1",NA,NA,NA
6,1,"10","2016-04-08 12:11:06.696",1460142666695646208,1460142633800,"exit",NA,NA,NA,"10",NA,NA
6,1,"10","2016-04-08 12:11:06.696",1460142666695852800,1460142633801,"action","1",NA,NA,NA,NA,NA
6,1,"10","2016-04-08 12:11:06.724",1460142666724415232,1460142633801,"repeataction_owntype",NA,NA,NA,NA,"1",NA
6,1,"10","2016-04-08 12:11:06.725",1460142666724596224,1460142633801,"repeataction_partnertype",NA,NA,NA,NA,NA,"2"
6,1,"9","2016-04-08 12:11:07.253",1460142667253092352,1460142634383,"exit",NA,NA,NA,"9",NA,NA
6,1,"9","2016-04-08 12:11:07.253",1460142667253301248,1460142634383,"action","1",NA,NA,NA,NA,NA
6,1,"9","2016-04-08 12:11:07.254",1460142667253563904,1460142634383,"repeataction_owntype",NA,NA,NA,NA,"1",NA
6,1,"9","2016-04-08 12:11:07.254",1460142667253779712,1460142634383,"repeataction_partnertype",NA,NA,NA,NA,NA,"1"
6,1,"5","2016-04-08 12:11:07.654",1460142667653922304,1460142634782,"exit",NA,NA,NA,"5",NA,NA
6,1,"5","2016-04-08 12:11:07.654",1460142667654151168,1460142634782,"action","1",NA,NA,NA,NA,NA
6,1,"5","2016-04-08 12:11:07.654",1460142667654393856,1460142634782,"repeataction_owntype",NA,NA,NA,NA,"2",NA
6,1,"5","2016-04-08 12:11:07.655",1460142667654595072,1460142634782,"repeataction_partnertype",NA,NA,NA,NA,NA,"1"
6,1,"3","2016-04-08 12:11:08.064",1460142668064755712,1460142635195,"exit",NA,NA,NA,"3",NA,NA
6,1,"3","2016-04-08 12:11:08.064",1460142668064958720,1460142635195,"action","1",NA,NA,NA,NA,NA
6,1,"3","2016-04-08 12:11:08.064",1460142668065215232,1460142635195,"repeataction_owntype",NA,NA,NA,NA,"1",NA
6,1,"3","2016-04-08 12:11:08.064",1460142668065438208,1460142635195,"repeataction_partnertype",NA,NA,NA,NA,NA,"1"
6,1,"2","2016-04-08 12:11:11.447",1460142671446631936,1460142638575,"action","1",NA,NA,NA,NA,NA
6,1,"2","2016-04-08 12:11:11.447",1460142671446856960,1460142638575,"action_owntype",NA,"3",NA,NA,NA,NA
6,1,"2","2016-04-08 12:11:11.447",1460142671447106560,1460142638575,"action_partnertype",NA,NA,"3",NA,NA,NA
6,1,"1","2016-04-08 12:11:12.074",1460142672074292736,1460142639207,"action","1",NA,NA,NA,NA,NA
6,1,"1","2016-04-08 12:11:12.075",1460142672074500096,1460142639207,"action_owntype",NA,"3",NA,NA,NA,NA
6,1,"1","2016-04-08 12:11:12.078",1460142672078413568,1460142639207,"action_partnertype",NA,NA,"3",NA,NA,NA
6,1,"11","2016-04-08 12:11:12.695",1460142672695277568,1460142639827,"action","1",NA,NA,NA,NA,NA
6,1,"11","2016-04-08 12:11:12.695",1460142672695497216,1460142639827,"action_owntype",NA,"3",NA,NA,NA,NA
6,1,"11","2016-04-08 12:11:12.696",1460142672695732992,1460142639827,"action_partnertype",NA,NA,"3",NA,NA,NA
6,1,"4","2016-04-08 12:11:13.367",1460142673367176704,1460142640498,"action","1",NA,NA,NA,NA,NA
6,1,"4","2016-04-08 12:11:13.367",1460142673367385088,1460142640498,"action_owntype",NA,"1",NA,NA,NA,NA
6,1,"4","2016-04-08 12:11:13.368",1460142673367617024,1460142640498,"action_partnertype",NA,NA,"1",NA,NA,NA
6,1,"7","2016-04-08 12:11:14.041",1460142674041469696,1460142641171,"action","1",NA,NA,NA,NA,NA
6,1,"7","2016-04-08 12:11:14.042",1460142674041671424,1460142641171,"action_owntype",NA,"2",NA,NA,NA,NA
6,1,"7","2016-04-08 12:11:14.042",1460142674041900544,1460142641171,"action_partnertype",NA,NA,"1",NA,NA,NA
6,1,"8","2016-04-08 12:11:15.109",1460142675108750592,1460142642237,"action","1",NA,NA,NA,NA,NA
6,1,"8","2016-04-08 12:11:15.109",1460142675108960768,1460142642237,"action_owntype",NA,"1",NA,NA,NA,NA
6,1,"8","2016-04-08 12:11:15.109",1460142675109185536,1460142642237,"action_partnertype",NA,NA,"1",NA,NA,NA
6,1,"6","2016-04-08 12:11:15.955",1460142675954751488,1460142643085,"action","1",NA,NA,NA,NA,NA
6,1,"6","2016-04-08 12:11:15.955",1460142675954963456,1460142643085,"action_owntype",NA,"1",NA,NA,NA,NA
6,1,"6","2016-04-08 12:11:15.955",1460142675955179776,1460142643085,"action_partnertype",NA,NA,"2",NA,NA,NA
6,1,"12","2016-04-08 12:11:16.595",1460142676595060992,1460142643724,"action","1",NA,NA,NA,NA,NA
6,1,"12","2016-04-08 12:11:16.595",1460142676595268608,1460142643724,"action_owntype",NA,"3",NA,NA,NA,NA
6,1,"12","2016-04-08 12:11:16.596",1460142676595511296,1460142643724,"action_partnertype",NA,NA,"3",NA,NA,NA
6,1,"2","2016-04-08 12:11:16.848",1460142676847749120,1460142643976,"exit",NA,NA,NA,"2",NA,NA
6,1,"5","2016-04-08 12:11:16.869",1460142676868636416,1460142643988,"exit",NA,NA,NA,"5",NA,NA
6,1,"1","2016-04-08 12:11:16.876",1460142676875705600,1460142644001,"exit",NA,NA,NA,"1",NA,NA
6,1,"10","2016-04-08 12:11:16.877",1460142676876593664,1460142643999,"exit",NA,NA,NA,"10",NA,NA
6,1,"12","2016-04-08 12:11:16.888",1460142676888217856,1460142644017,"exit",NA,NA,NA,"12",NA,NA
6,1,"8","2016-04-08 12:11:16.889",1460142676889151744,1460142644009,"exit",NA,NA,NA,"8",NA,NA
6,1,"9","2016-04-08 12:11:16.889",1460142676889348096,1460142644015,"exit",NA,NA,NA,"9",NA,NA
6,1,"7","2016-04-08 12:11:16.890",1460142676889552640,1460142644010,"exit",NA,NA,NA,"7",NA,NA
6,1,"3","2016-04-08 12:11:16.890",1460142676889756672,1460142644016,"exit",NA,NA,NA,"3",NA,NA
6,1,"6","2016-04-08 12:11:16.956",1460142676955618560,1460142644077,"exit",NA,NA,NA,"6",NA,NA
6,1,"4","2016-04-08 12:11:16.956",1460142676956024576,1460142644067,"exit",NA,NA,NA,"4",NA,NA
